destination_id,continent,country,city
5,Europe,Spain,Fuengirola
6,Europe,Portugal,Lisbon
7,North America,Canada,Gravenhurst
8,Europe,Spain,Gijón
9,North America,United States of America,Grand Rapids
10,North America,United States of America,Burlington
11,Europe,Germany,Cologne
12,Europe,Ukraine,Kyiv
13,Europe,United Kingdom,Monmouthsire
14,North America,United States of America,Seattle
15,North America,United States of America,Twin Lakes
16,Europe,Germany,Wurster Nordseeküste
17,Europe,Belgium,Dour
18,Europe,Romania,Bontida
19,Europe,United Kingdom,Hertfordshire
20,North America,United States of America,Trumansburg
21,North America,United States of America,Monticello
22,North America,United States of America,Oak Hill
23,North America,Canada,Guelph
24,Europe,Finland,Joensuu
25,North America,United States of America,Mansfield
26,Europe,France,Carhaix
27,Europe,France,Paris
28,Europe,Portugal,Praia do Cabedelo
29,North America,United States of America,Chicago
30,North America,United States of America,Saint Paul
31,North America,United States of America,Piercy
32,Europe,United Kingdom,Herefordshire
33,Europe,Bosnia & Herzegovina,Tjentiste
34,Europe,Germany,Weeze
35,North America,United States of America,Denver
36,Europe,Spain,Santo Domingo de la Calzada
37,Europe,Germany,Freiburg
38,Europe,United Kingdom,Nottingham
39,Europe,United Kingdom,Ribble Valley
40,Europe,United Kingdom,Cambridgeshire
41,North America,United States of America,Whitefish
42,North America,Canada,Vancouver
43,North America,United States of America,Winter Park
44,Europe,Netherlands,Lichtenvoorde
45,Europe,Croatia,Tisno
46,Europe,Portugal,Idanha-A-Nova
47,Europe,Romania,Sibiu
48,Europe,Hungary,Velence
49,Europe,United Kingdom,Kent
50,North America,United States of America,Los Angeles
51,Europe,United Kingdom,Cardiff
52,North America,United States of America,Johnstown
53,North America,United States of America,Crystal Bay
54,North America,United States of America,Three Forks
55,Europe,United Kingdom,Southend-on-Sea
56,Europe,Netherlands,Amsterdam
57,Europe,Spain,Fraga
58,North America,United States of America,Yerington
59,North America,United States of America,Petaluma
60,North America,United States of America,Indianapolis
61,North America,United States of America,Topanga
62,North America,United States of America,New York
63,North America,United States of America,Carnation
64,Asia,Japan Tour,"Okinawa, Osaka, Tokyo"
65,North America,United States of America,Artemas
66,North America,Canada,Calgary
67,Europe,United Kingdom,Dorset
68,Europe,United Kingdom,Stevenage
69,North America,United States of America,Cheyenne
70,Europe,Germany,Karlsruhe
71,North America,United States of America,Floyd
72,Europe,Ireland,Laois
73,Asia,Japan,Niigata
74,North America,United States of America,Patchogue
75,Europe,Bulgaria,Plovdiv
76,Europe,United Kingdom,London
77,North America,Canada,Edmonton
78,Europe,United Kingdom,Suffolk
79,Europe,Netherlands,Oudkarspel
80,Europe,Spain,Benidorm
81,Europe,Croatia,Trogir
82,North America,United States of America,Newport
83,North America,United States of America,Skokie
84,Europe,Switzerland,Nyon
85,Europe,Italy,Valle D'Itria
86,Europe,United Kingdom,Poole
87,North America,United States of America,Portland
88,North America,United States of America,White Sulphur Springs
89,Europe,United Kingdom,Wadebridge
90,North America,United States of America,Lyons
91,North America,Canada,Salmon Arm
92,Europe,United Kingdom,Standon
93,Europe,United Kingdom,Abertillery
94,North America,United States of America,Elkhart Lake
95,Europe,United Kingdom,Guisborough
96,North America,United States of America,Louisville
97,North America,United States of America,Franklin
98,Europe,United Kingdom,Chester
99,Europe,Belgium,Boom
100,North America,Canada,Toronto
101,Europe,United Kingdom,Sheffield
102,Europe,United Kingdom,Oxfordshire
103,Europe,Estonia,Viljandi
104,North America,United States of America,Long Beach
105,Europe,United Kingdom,Malmesbury
106,Europe,United Kingdom,Topcliffe
107,Europe,United Kingdom,Wales
108,North America,Canada,Salmo
109,Europe,France,Carcassonne
110,Europe,France,Le Barcares
111,Europe,Croatia,Novalja
112,Europe,Scotland,Beauly
113,Europe,Norway,Bergen
114,North America,United States of America,Cincinnati
115,Europe,United Kingdom,Newport
116,North America,United States of America,Prairie du Chien
117,North America,United States of America,Thornville
118,Asia,Cyprus,Kato Drys
119,Europe,Czech,Prague
120,North America,United States of America,Omaha
121,Europe,Denmark,Copenhagen
122,Europe,Poland,Czaplinek
123,Europe,Finland,Pori
124,North America,United States of America,Brownstown
125,North America,United States of America,Helena
126,Europe,Latvia,Liepaja
127,Europe,Austria,Lustenau
128,Europe,Switzerland,Basel
129,North America,United States of America,Tahlequah
130,Europe,Germany,Wacken
131,Europe,Finland,Helsinki
132,North America,United States of America,Big Sky
133,Europe,France,Tarn
134,Europe,Ireland,Waterford
135,North America,United States of America,Saint John
136,Europe,Spain,Borianna
137,North America,United States of America,Blain
138,North America,Canada,Camrose
139,North America,United States of America,Keystone
140,Europe,United Kingdom,Cambridge
141,Europe,Nederland,Amsterdam
142,Europe,Scotland,Stirlingshire
143,Europe,Ukraine,Lviv
144,Europe,France,Frontignan
145,North America,United States of America,Des Moines
146,North America,Canada,Kaslo
147,Europe,United Kingdom,Cumbria
148,Europe,United Kingdom,Birmingham
149,North America,United States of America,Mammoth Lakes
150,Europe,Croatia,Šibenik
151,North America,United States of America,Appleton
152,Europe,Germany,Kastellaun
153,Europe,France,Anglefort
154,Europe,Norway,Notodden
155,Europe,Poland,Katowice
156,Europe,Macedonia,Ohrid
157,North America,United States of America,Sweet Home
158,North America,Canada,Montreal
159,Europe,Greece,Kalamata
160,Asia,South Korea,Incheon
161,North America,United States of America,Happy Valley
162,North America,Canada,Mulhurst Bay
163,Europe,United Kingdom,Brighton
164,Europe,United Kingdom,Milton Keynes
165,North America,United States of America,Garberville
166,North America,United States of America,Del Norte
167,North America,Manitoba,Minnedosa
168,Europe,Romania,Râșnov
169,North America,United States of America,Ninilchik
170,Europe,Netherlands,Roermond
171,North America,United States of America,Whitwell
172,North America,Canada,Lake Cowichan
173,Europe,Kosovo,Prishtina
174,Europe,France,Vertheuil
175,North America,United States of America,Bozeman
176,Europe,France,Saint-Maurice-de-Gourdans
177,Europe,United Kingdom,Chew Magna
178,North America,United States of America,George
179,Europe,United Kingdom,Wickham
180,Europe,United Kingdom,Derbyshire
181,Europe,Romania,Bacău
182,Europe,Poland,Garbicz
183,Europe,Hungary,Dádpuszta
184,Europe,Slovenia,Tolmin
185,North America,United States of America,Arcadia
186,North America,United States of America,Bond
187,North America,United States of America,Challis
188,Europe,Czech,Jaroměř
189,Europe,Netherlands,Velsen
190,North America,United States of America,Salt Lake City
191,North America,United States of America,New River Gorge
192,Europe,Bosnia and Herzegovina,Banja Luka
193,Europe,Slovakia,Piešťany
194,Europe,Germany,Haldern
195,North America,United States of America,Richmond
196,Europe,Spain,Villena
197,Europe,Serbia,Vrnjačka Banja
198,North America,United States of America,North Lawrence
199,Europe,Portugal,Viana do Castelo
200,Europe,Norway,Oslo
201,Europe,Austria,Unterbildein
202,Europe,Latvia,Riga
203,North America,Canada,Victoriaville
204,Europe,Austria,Vienna
205,Europe,Portugal,Vila Praia de Âncora
206,Europe,Switzerland,Schaffhausen
207,Europe,Portugal,Zambujeira Do Mar
208,Europe,Denmark,Frederiksberg
209,North America,United States of America,Philadelphia
210,North America,United States of America,Aspen
211,Europe,Sweden,Goteborg
212,North America,United States of America,Detroit Lakes
213,North America,United States of America,Oshkosh
214,Europe,Belgium,Kortrijk
215,Europe,United Kingdom,Nottinghamshire
216,North America,Mexico,Rosarito Beach
217,Europe,Italy,Bellaria Igea Marina
218,North America,United States of America,Duluth
219,Europe,United Kingdom,Newquay
220,Europe,United Kingdom,Hampshire
221,North America,Canada,Oro-Medonte
222,North America,United States of America,Washington
223,Europe,Spain,Barcelona
224,North America,Canada,Amaranth
225,Europe,Spain,Villaricos
226,Europe,Luxembourg,Echternach
227,North America,Canada,Edmonton
228,Europe,Germany,Erkelenz
229,North America,United States of America,Long Pond
230,North America,United States of America,Alta
231,Europe,United Kingdom,Houghton
232,Europe,United Kingdom,Bridport
233,Europe,United Kingdom,Ledbury
234,Europe,France,Cannes
235,Europe,Belgium,Lokeren
236,Europe,Germany,Hildesheim
237,Europe,Croatia,Primišlje
238,North America,United States of America,Bethlehem
239,Europe,France,Fraisans
240,Europe,Germany,Eschwege
241,North America,United States of America,San Francisco
242,Europe,Serbia,Ilino
243,North America,United States of America,Darrington
244,Europe,United Kingdom,Blackpool
245,North America,United States of America,San Jose
246,Europe,Denmark,Skanderborg
247,Europe,Germany,Saalburg-Ebersdorf
248,Europe,Romania,Buftea
249,North America,United States of America,Republic
250,Europe,Germany,Rothenburg ob der Tauber
251,North America,United States of America,Telluride
252,Europe,Romania,Cluj
253,Europe,Italy,Castelbuono
254,Europe,Netherlands,Spaarnwoude
255,North America,United States of America,Fredericton
256,Europe,Spain,Cullera
257,North America,United States of America,Belden
258,Europe,Hungary,Budapest
259,North America,United States of America,Put-In-Bay
260,Europe,Austria,St. Polten
261,Europe,United Kingdom,Compton Martin
262,Europe,Finland,Tampere
263,North America,United States of America,Nashville
264,Europe,Germany,Bad Aibling
265,Europe,Malta,Haz-Zebbug
266,North America,Canada,Halifax
267,Europe,France,St Malo
268,Europe,Czech,Doksy
269,Europe,Germany,Hamburg
270,North America,United States of America,Oak Park
271,Europe,Italy,Vitigliano
272,Europe,Portugal,Paredes de Coura
273,North America,United States of America,Park City
274,Europe,Norway,Trondheim
275,Europe,Italy,Sardinia
276,Europe,Czech,Moravsky Krumlov
277,Europe,United Kingdom,Norwich
278,Europe,Germany,"Weeze, NRW"
279,North America,United States of America,Phoenix
280,Europe,Germany,Dinkelsbuhl
281,North America,United States of America,Detroit
282,Europe,Spain,Arriondas
283,Europe,United Kingdom,Ottery Saint Mary
284,Europe,France,Charleville-Mézières
285,North America,United States of America,Navarro
286,Europe,Netherlands,Hilvarenbeek
287,Europe,Slovenia,Tenetiše
288,Europe,Netherlands,Eindhoven
289,Europe,United Kingdom,Norfolk
290,North America,United States of America,Buena Vista
291,Europe,United Kingdom,Brecon Beacons
292,North America,United States of America,Manchester
293,Europe,United Kingdom,Stockton-on-Tees
294,Europe,Germany,Leipzig
295,Europe,Slovakia,Bratislava
296,Europe,Netherlands,Biddinghuizen
297,North America,United States of America,Milwaukee
298,Europe,France,Carhaix-Plouguer
299,Europe,Switzerland,Gampel
300,Europe,Croatia,Cres
301,North America,United States of America,Upper Salford
302,Europe,Belgium,Kiewit-Hasselt
303,Europe,United Kingdom,Wareham
304,Europe,United Kingdom,Henley
305,North America,Canada,Elora
306,North America,United States of America,Sacramento
307,North America,United States of America,Palm Springs
308,Europe,United Kingdom,Buckinghamshire
309,Asia,Japan,Tokyo/Osaka
310,Europe,United Kingdom,Driffield
311,Europe,Italy,San Venanzo
312,Europe,United Kingdom,Wimborne St Giles
313,Europe,Belgium,Zeebrugge Beach
314,Europe,Ireland,Westmeath
315,Europe,United Kingdom,Wrexham
316,Europe,Bulgaria,Rhodope Mountains
317,Europe,Malta,St Paul's Bay
318,Europe,Spain,Torremolinos
319,North America,United States of America,Auburn
320,North America,Canada,St. Agapit
321,Europe,Spain,Castellón
322,North America,United States of America,Durango
323,North America,United States of America,Olympia
324,Europe,Hungary,Zamárdi
325,Europe,Denmark,Esbjerg
326,North America,United States of America,Pittsboro
327,Europe,France,Le Touquet-Paris-Plage
328,Europe,France,Château-Gontier-sur-Mayenne
329,Europe,Portugal,Vilar de Mouros
330,North America,United States of America,Dieppe
331,Europe,Italy,Romano D'ezzelino
332,North America,United States of America,Harwinton
333,Europe,United Kingdom,Overton
334,Europe,United Kingdom,Daresbury
335,Europe,United Kingdom,Belfast
336,Europe,United Kingdom,Bristol
337,Europe,United Kingdom,Buckinham
338,Europe,United Kingdom,Exeter
339,Asia,Indonesia,Jakarta
340,Europe,United Kingdom,Leeds
341,Europe,United Kingdom,Lincolnshire
342,North America,United States of America,North Charleston
343,Europe,Netherlands,Haarlemmermeer
344,Europe,Germany,Duren
345,Europe,United Kingdom,Reading
346,Europe,United Kingdom,Northamptonshire
347,Europe,United Kingdom,Chipping Norton
348,North America,United States of America,Russell
349,Europe,United Kingdom,Lutterworth
350,Europe,United Kingdom,Portsmouth
351,Europe,United Kingdom,Alcester
352,North America,Canada,Big River
353,Europe,United Kingdom,Manchester
354,Europe,United Kingdom,Shrewsbury
355,Europe,United Kingdom,Cornwall
356,Europe,Scotland,Edinburgh
357,Europe,Italy,Rocca Malatestian
358,North America,Canada,"Boston, Halifax, & St. John"
359,North America,United States of America,San Bernardino
360,Europe,Germany,Hannover
361,Europe,United Kingdom,Berwick-upon-Tweed
362,North America,United States of America,Peoria
363,Europe,Sweden,Malmo
364,Europe,Hungary,Szeged
365,Europe,Denmark,Tønder
366,Europe,Switzerland,Zurich
367,North America,United States of America,Lake George
368,North America,United States of America,Weston
369,North America,United States of America,Woodstown
370,Europe,France,Marseille
371,North America,United States of America,Mill Spring
372,Europe,United Kingdom,Edinburgh
373,Europe,United Kingdom,Tollard Royal
374,North America,United States of America,Colville
375,Europe,Greece,Halkdiki
376,North America,United States of America,Spirithaven
377,Europe,Germany,Darmstadt
378,Europe,Portugal,Rapoula do Côa
379,North America,United States of America,San Diego
380,Europe,Netherlands,Vlieland
381,North America,United States of America,Snowmass
382,North America,United States of America,High Point
383,North America,United States of America,Orlando
384,Europe,Netherlands,Groningen
385,North America,United States of America,Redmond
386,North America,United States of America,Charlestown
387,North America,United States of America,Pryor
388,North America,United States of America,Montague
389,North America,United States of America,Manteno
390,Europe,Germany,Munich
391,North America,United States of America,Las Vegas
392,North America,Canada,Québec City
393,North America,United States of America,Gerlach
394,North America,United States of America,Detroit
395,Europe,Germany,Eldena
396,North America,United States of America,Kempton
397,North America,United States of America,Clark's Grove
398,North America,Canada,Fairmont Hot Springs
399,North America,United States of America,Worcester
400,Europe,Netherlands,Tilburg
401,North America,United States of America,Missoula
402,North America,United States of America,Raleigh
403,North America,United States of America,Atlanta
404,Europe,United Kingdom,Saint Helens
405,North America,United States of America,Madison
406,Europe,Spain,Zaragoza
407,North America,United States of America,Keansburg
408,Europe,Belgium,Brussels
409,North America,United States of America,Bowling Green
410,North America,United States of America,La Cygne
411,Europe,Italy,Florence
412,Europe,Spain,Miranda de Ebro
413,North America,United States of America,Evanston
414,North America,United States of America,Caneadea
415,North America,United States of America,Tulsa
416,Europe,United Kingdom,Chelmsford
417,North America,United States of America,Mundelein
418,North America,United States of America,Aztec
419,North America,United States of America,Remus
420,North America,United States of America,Mankato
421,North America,United States of America,Pyror
422,North America,United States of America,Elmhurst
423,North America,Canada,Quebec City
424,North America,United States of America,Chandler
425,Europe,United Kingdom,Winchester
426,Europe,Greece,Athens
427,North America,United States of America,Cody
428,North America,United States of America,Annapolis
429,North America,United States of America,Pinecrest
430,North America,United States of America,East Aurora
431,North America,United States of America,Breckenridge
432,Europe,Belgium,Bruges
433,North America,Canada,Ottawa
434,North America,United States of America,Pittsburgh
435,North America,United States of America,Jackson
436,North America,United States of America,Clarks Grove
437,North America,Canada,Eganville
438,Europe,France,Le Plessis-Pâté
439,North America,United States of America,McHenry
440,North America,United States of America,St. Louis
441,North America,United States of America,Flagstaff
442,North America,Canada,Victoria
443,North America,United States of America,Asbury Park
444,North America,Canada,Cavendish
445,South America,Brazil,São Paulo
446,Asia,Japan,Tokyo
447,Europe,Belgium,Grimbergen
448,North America,United States of America,Townsend
449,North America,United States of America,Minneapolis
450,North America,United States of America,Lewisburg
451,Europe,Netherlands,Amersfoort
452,North America,United States of America,Champaign
453,North America,United States of America,Salida
454,Europe,Switzerland,Lido Ascona
455,Europe,Lithuania,Kaunas
456,Asia,Cyprus,Larnaca
457,North America,United States of America,Bristol
458,Europe,Switzerland,Gstaad
459,North America,United States of America,Frankenmuth
460,North America,United States of America,North Adams
461,North America,United States of America,St Augustine
462,North America,United States of America,Oceanside
463,North America,United States of America,Accord
464,North America,United States of America,Camden
465,North America,United States of America,Charlotte
466,North America,United States of America,Brooklyn
467,North America,United States of America,Vincennes
468,Europe,Netherlands,Arnhem
469,North America,United States of America,Columbia
470,North America,United States of America,La Crosse
471,North America,United States of America,St. Louis
472,North America,United States of America,New York City
473,North America,United States of America,Austin
474,North America,United States of America,Monterey
475,North America,United States of America,Ocean City
476,North America,United States of America,Dana Point
477,North America,United States of America,Umatilla
478,North America,United States of America,Perris
479,North America,United States of America,Sisters
480,North America,United States of America,Bridgeport
481,Europe,Germany,Kiel
482,North America,United States of America,Chattanooga
483,North America,United States of America,Murphysboro
484,North America,United States of America,Huntsville
485,North America,United States of America,Oakdale
486,Europe,Germany,Messplatz
487,North America,United States of America,Livingston
488,North America,United States of America,Reno
489,North America,United States of America,Aiken
490,North America,United States of America,Hammonton
491,North America,United States of America,Fairfield
492,Europe,Germany,Dortmund
493,North America,United States of America,Ozark
494,Europe,Malta,Attard
495,North America,United States of America,Winnsboro
496,North America,United States of America,Birmingham
497,North America,United States of America,Memphis
498,Africa,Morocco,Essaouira
499,North America,United States of America,Miramar Beach
500,Europe,Portugal,Barreiro
501,Oceania,Australia,Wee Jasper
502,Europe,Germany,Oberhausen
503,North America,Mexico,Morelos
504,North America,United States of America,Fort Smith
505,North America,United States of America,Charleston
506,Europe,Spain,Madrid
507,Europe,United Kingdom,Middlesbrough
508,North America,United States of America,Bellingham
509,North America,United States of America,Big Stone Gap
510,North America,United States of America,Pelhman
511,South America,Chile,Santiago
512,North America,United States of America,Greenville
513,North America,United States of America,Eureka Springs
514,North America,United States of America,Joshua Tree
515,Europe,Germany,Frankfurt
516,Oceania,Australia,Mareeba
517,North America,United States of America,Florence
518,North America,United States of America,Live Oak
519,North America,United States of America,Darlington
520,South America,Brazil,Sao Paulo
521,Europe,Poland,Kraków
522,North America,United States of America,Arrington
523,North America,United States of America,Apple Valley
524,North America,United States of America,Tucson
525,North America,United States of America,Miami
526,North America,Canada,Kitchener
527,Europe,France,Caen
528,Europe,Germany,Mannheim
529,North America,United States of America,San Antonio
530,Europe,United Kingdom,Cardiff
531,Europe,Belgium,Antwerp
532,Oceania,Australia,Sydney
533,North America,United States of America,Lake Worth
534,Oceania,Australia,Peak Crossing
535,North America,United States of America,Grass Valley
536,North America,Mexico,Querétaro
537,Africa,South Africa,Cape Town
538,Oceania,Australia,Melbourne
539,North America,United States of America,Gainsville
540,Oceania,Fiji,Mamanucas
541,Europe,Spain,Bilbao
542,North America,United States of America,Columbus
543,Europe,Italy,Torino
544,South America,Colombia,Medellín
545,Oceania,Australia,Whroo
546,Europe,Greece,Mykonos
547,North America,Mexico,Miami & Cozumel
548,North America,Belize,Miami & Harvest Caye
549,Oceania,New Zealand,Dunedin
550,Europe,Sweden,Umea
551,Europe,Iceland,Reykjavik
552,Oceania,Australia,Queensland
553,Europe,United Kingdom,Great Yarmouth
554,North America,United States of America,Tacoma
555,Europe,Netherlands,Utrecht
556,Europe,United Kingdom,Minehead
557,North America,United States of America,Rapid City
558,North America,United States of America,Brooksville
559,North America,Mexico,Mexico City
560,Asia,Thailand,Pattaya City
561,North America,United States of America,Lake Wales
562,Europe,Germany,Weissenhäuser Strand
563,Oceania,Australia,Tocumwal
564,Europe,Germany,Hanover
565,Europe,Germany,Schleswig-Holstein
566,Asia,Indonesia,Senayan
567,Europe,Germany,Holstein
568,Oceania,Australia,Queenscliff
569,Europe,Austria,Saalbach-Hinterglemm
570,North America,United States of America,Bayamon
571,Asia,Thailand,Bangkok
572,Asia,China,Hong Kong
573,North America,Mexico,Cancun
574,Europe,France,Rennes
575,Oceania,Australia,Meredith
576,Oceania,Australia,Victoria
577,Europe,Austria,Salzburg
578,Europe,France,Les 2 Alpes
579,Asia,Saudi Arabia,Riyadh
580,Asia,Indonesia,Bali
581,Europe,Austria,Saalbach Hinterglemm
582,Oceania,Australia,Perth
583,North America,Mexico,Puerto Morelos
584,Asia,Thailand,Pattaya
585,North America,United States of America,Dallas
586,Oceania,New Zealand,Wanaka
587,Oceania,Australia,Glenworth Valley
588,Oceania,New Zealand,Gisborne
589,Oceania,Australia,Woodford
590,North America,United States of America,Steamboat Springs
591,North America,Mexico,Puerto Aventuras
592,North America,United States of America,Mesa
593,Asia,Thailand,Phuket
594,North America,United States of America,Santa Rosa Beach
595,Europe,France,Les Deux Alpes
596,North America,Belize,"Ft. Lauderdale, Key West"
597,Oceania,Australia,Tamworth
598,North America,United States of America,Key West
599,North America,Bahamas,Nassau
600,North America,United States of America,Ft. Lauderdale
601,North America,Bahamas,Miami & Nassau
602,Europe,United Kingdom,Bognor Regis
603,North America,Dominican Republic,Puerto Plata
604,Europe,Lithuania,Vilnius
605,Europe,Netherlands,The Hague
606,Oceania,Australia,Tasmania
607,North America,Mexico,"Miami, Belize, and Cozumel"
608,South America,Argentina,Cordoba
609,North America,United States of America,Northglenn
610,South America,Argentina,Buenos Aires
611,North America,United States of America,Bellevue
612,Oceania,New Zealand,Christchurch
613,North America,United States of America,Jefferson
614,Europe,Germany,Wittenburg
615,Europe,Austria,Graz
616,North America,Costa Rica,Uvita
617,North America,Dominican Republic,Santo Domingo Este
618,Africa,South Africa,Riviersonderend
619,North America,Dominican Republic,Miami & Puerto Plata
620,Oceania,Australia,Port Fairy
621,Oceania,Australia,Adelaide
622,North America,United States of America,Miami Beach
623,North America,United States of America,St. Petersburg
624,North America,Panama,Playa Chiquita
625,North America,Antigua and Barbuda,St. Johns
626,North America,United States of America,Abilene
627,Europe,France,Avoriaz
628,Oceania,Australia,Willowbank
629,North America,United States of America,Okeechobee
630,Europe,Switzerland,Leysin
631,Europe,France,Alpe d'Huez
632,North America,United States of America,Houston
633,North America,United States of America,Knoxville
634,North America,United States of America,Boise
635,North America,United States of America,Snook
636,Oceania,Australia,Byron Bay
637,Asia,Vietnam,Hoa Binh
638,Europe,Netherlands,Schijndel
639,Europe,Estonia,Tallinn
640,Europe,Austria,Mayrhofen
641,Europe,Switzerland,Zermatt
642,North America,Bahamas,Great Stirrup Cay
643,Europe,Austria,Sölden
644,Europe,Netherlands,Rotterdam
645,North America,United States of America,Boulder
646,North America,United States of America,Indio
647,North America,United States of America,New Orleans
648,North America,United States of America,Dale
649,North America,Mexico,El Sargento
650,North America,United States of America,Wilkesboro
651,North America,United States of America,Panama City Beach
652,Africa,South Africa,Bloemfontein
653,North America,United States of America,Redondo Beach
654,Europe,United Kingdom,Liverpool
655,Europe,United Kingdom,Ayr
656,Europe,United Kingdom,Blandford
657,North America,Mexico,San José del Cabo
658,North America,United States of America,Daytona Beach
659,North America,United States of America,Placerville
660,Europe,United Kingdom,North Shields
661,Europe,Netherlands,Erp
662,North America,United States of America,Napa
663,North America,United States of America,Cumberland
664,Europe,United Kingdom,Bristol/Nottingham
665,Europe,Belgium,Houthalen-Helchteren
666,Europe,United Kingdom,Port Talbot
667,North America,United States of America,Bakersfield
668,North America,United States of America,Baltimore
669,Europe,France,Saint-Laurent-de-Cuves
670,North America,United States of America,Norfolk
671,North America,United States of America,Axton
672,North America,United States of America,Chillicothe
673,Europe,Germany,Memmingerberg
674,Europe,United Kingdom,Lincoln
675,North America,United States of America,Augusta
676,Europe,Italy,Lake Como
677,North America,United States of America,Aztec
678,Europe,United Kingdom,Redruth
679,Europe,Malta,Bugibba
680,Europe,Netherlands,Hulst
681,Europe,United Kingdom,Cheltenham
682,Europe,Germany,Munster
683,North America,United States of America,Cadott
684,Europe,Poland,Gdańsk
685,Europe,Denmark,Aarhus
686,Europe,Austria,Wels
687,Europe,Sweden,Solvesborg
688,North America,United States of America,McKinney
689,North America,United States of America,Myrtle Beach
690,Europe,United Kingdom,Grantham
691,Europe,Netherlands,Oisterwijk
692,Europe,Germany,Nürburg
693,Europe,Germany,Nuremberg
694,Europe,United Kingdom,Perranporth
695,Europe,Croatia,Pag Island
696,Europe,Greece,Santorini
697,Europe,Albania,Dhërmi
698,Europe,Switzerland,Interlaken
699,North America,United States of America,Karlstad
700,Europe,Portugal,Porto
701,Europe,Czech,Hradec Kralove
702,Europe,Italy,Fano
703,Europe,Ireland,Glendalough Estate
704,Europe,United Kingdom,Donington Park
705,Europe,Netherlands,Leeuwarden
706,Europe,Finland,Turku
707,Europe,Spain,Calvià
708,Europe,Austria,Nickelsdorf
709,Europe,Sweden,Stockholm
710,North America,United States of America,Anchorage
711,Europe,Scotland,Moffat
712,Europe,Albania,Dhermi
713,Europe,Denmark,Kværndrup
714,Europe,Netherlands,Grolloo
715,Europe,Netherlands,Julianadorp
716,North America,United States of America,Edmonton
717,Europe,England,Liverpool
718,North America,United States of America,Wildwood
719,North America,United States of America,Boone
720,Europe,Belgium,Dessel
721,North America,United States of America,Greenfield
722,Europe,France,Clisson
723,Europe,Germany,Ferropolis
724,Europe,Germany,Scheessel
725,Europe,United Kingdom,Isle of Wight
726,Europe,Netherlands,Landgraaf
727,Europe,Germany,Neuhausen Ob Eck
728,Europe,Portugal,Crato
729,Europe,Croatia,Zagreb
730,Europe,Spain,Valencia
731,Europe,Finland,Seinajoki
732,North America,United States of America,Rochester
733,Europe,Swizterland,Grenchen
734,Europe,Denmark,Odense
735,Europe,Netherlands,Ysselsteyn
736,Europe,Belgium,Lille
737,North America,United States of America,Hartford
738,Asia,Mongolia,Ulaanbaatar
739,Europe,Spain,Vivero
740,Europe,United Kingdom,Tenby
741,Europe,Germany,Neustadt-Glewe
742,Europe,Belgium,Brugge
743,Europe,Germany,Berlin
744,Europe,United Kingdom,Cheshire
