nom,dates,lieu,start_date,end_date
SUN & THUNDER FESTIVAL 2025,"July 17- 19, 2025","Fuengirola, Spain",2025-07-17,2025-07-19
SUPER BOCK SUPER ROCK 2025,Cancelled,"Lisbon, Portugal",Cancelled,Cancelled
TALL PINES MUSIC FESTIVAL 2025,"July 18- 19, 2025","Gravenhurst, ON",2025-07-18,2025-07-19
TSUNAMI FESTIVAL 2025,"July 18- 19, 2025","Gijón, Spain",2025-07-18,2025-07-19
UPHEAVAL FESTIVAL 2025,"July 18- 19, 2025","Grand Rapids, MI",2025-07-18,2025-07-19
VERMONT BREWERS FESTIVAL 2025,"July 18- 19, 2025","Burlington, VT",2025-07-18,2025-07-19
AMPHI FESTIVAL 2025,"July 19- 20, 2025","Cologne, Germany",2025-07-19,2025-07-20
ATLAS WEEKEND 2025,"July 18- 20, 2025","Kyiv, Ukraine",2025-07-18,2025-07-20
BIG LOVE FESTIVAL 2025,"July 17- 20, 2025","Monmouthsire, Wales",2025-07-17,2025-07-20
CAPITOL HILL BLOCK PARTY 2025,"July 18- 20, 2025","Seattle, WA",2025-07-18,2025-07-20
COUNTRY THUNDER WISCONSIN 2025,"July 17- 20, 2025","Twin Lakes, WI",2025-07-17,2025-07-20
DEICHBRAND FESTIVAL 2025,"July 17- 20, 2025","Wurster Nordseeküste, Germany",2025-07-17,2025-07-20
DOUR FESTIVAL 2025,"July 16- 20, 2025","Dour, Belgium",2025-07-16,2025-07-20
ELECTRIC CASTLE FESTIVAL 2025,"July 16- 20, 2025","Bontida, Romania",2025-07-16,2025-07-20
FOLK BY THE OAK 2025,"July 20,  2025","Hertfordshire, UK",2025-07-20,2025-07-20
GRASSROOTS FINGER LAKES FESTIVAL 2025,"July 17- 20, 2025","Trumansburg, NY",2025-07-17,2025-07-20
GREAT JONES COUNTY FAIR 2025,"July 16- 20, 2025","Monticello, IA",2025-07-16,2025-07-20
GREY FOX BLUEGRASS FESTIVAL 2025,"July 16- 20, 2025","Oak Hill, NY",2025-07-16,2025-07-20
HILLSIDE FESTIVAL 2025,"July 18- 20, 2025","Guelph, ON",2025-07-18,2025-07-20
ILOSAARIROCK FESTIVAL 2025,"July 18- 20, 2025","Joensuu, Finland",2025-07-18,2025-07-20
INKCARCERATION FESTIVAL 2025,"July 18- 20, 2025","Mansfield, OH",2025-07-18,2025-07-20
LES VIEILLES CHARRUES 2025,"July 17- 20, 2025","Carhaix, France",2025-07-17,2025-07-20
LOLLAPALOOZA PARIS 2025,"July 18- 20, 2025","Paris, France",2025-07-18,2025-07-20
MARES VIVAS 2025,"July 18- 20, 2025","Praia do Cabedelo, Portugal",2025-07-18,2025-07-20
MICHE FEST 2025,Cancelled,"Chicago, IL",Cancelled,Cancelled
MINNESOTA YACHT CLUB FESTIVAL 2025,"July 18- 20, 2025","Saint Paul, MN",2025-07-18,2025-07-20
NORTHERN NIGHTS 2025,"July 18- 20, 2025","Piercy, CA",2025-07-18,2025-07-20
NOZSTOCK THE HIDDEN VALLEY 2025,Cancelled,"Herefordshire, UK",Cancelled,Cancelled
OK FEST 2025,"July 18- 20, 2025","Tjentiste, Bosnia &amp; Herzegovina",2025-07-18,2025-07-20
PAROOKAVILLE 2025,"July 18- 20, 2025","Weeze, Germany",2025-07-18,2025-07-20
PUNK IN THE PARK DENVER 2025,"July 18- 20, 2025","Denver, CO",2025-07-18,2025-07-20
ROCKLAND FEST 2025,"July 18- 20, 2025","Santo Domingo de la Calzada, Spain",2025-07-18,2025-07-20
SEA YOU FESTIVAL 2025,"July 18- 20, 2025","Freiburg, Germany",2025-07-18,2025-07-20
SPLENDOUR FESTIVAL 2025,"July 19- 20, 2025","Nottingham, UK",2025-07-19,2025-07-20
THE BEAT-HERDER FESTIVAL 2025,"July 17- 20, 2025","Ribble Valley, UK",2025-07-17,2025-07-20
TIMESCAPE FESTIVAL 2025,"July 18- 20, 2025","Cambridgeshire, UK",2025-07-18,2025-07-20
UNDER THE BIG SKY FEST 2025,"July 18- 20, 2025","Whitefish, MT",2025-07-18,2025-07-20
VANCOUVER FOLK FESTIVAL 2025,"July 18- 20, 2025","Vancouver, BC",2025-07-18,2025-07-20
WINTER PARK JAZZ FESTIVAL 2025,"July 19- 20, 2025","Winter Park, Colorado",2025-07-19,2025-07-20
ZWARTE CROSS 2025,"July 17- 20, 2025","Lichtenvoorde, Netherlands",2025-07-17,2025-07-20
TERMINAL V CROATIA 2025,"July 17- 21, 2025","Tisno, Croatia",2025-07-17,2025-07-21
BOOM FESTIVAL 2025,"July 17- 24, 2025","Idanha-A-Nova, Portugal",2025-07-17,2025-07-24
ARTMANIA 2025,"July 25- 26, 2025","Sibiu, Romania",2025-07-25,2025-07-26
B.MY.LAKE 2025,"July 24- 26, 2025","Velence, Hungary",2025-07-24,2025-07-26
BLUE REEF FESTIVAL 2025,"July 25- 26, 2025","Kent, UK",2025-07-25,2025-07-26
BREWSOLOGY BEER FEST LA 2025,"July 26,  2025","Los Angeles, CA",2025-07-26,2025-07-26
DAY TRIP FESTIVAL SEATTLE 2025,"July 26,  2025","Seattle, WA",2025-07-26,2025-07-26
DEPOT IN THE CASTLE 2025,"July 26,  2025","Cardiff, Wales",2025-07-26,2025-07-26
FLOOD CITY FESTIVAL 2025,"July 25- 26, 2025","Johnstown, PA",2025-07-25,2025-07-26
GAMBLER’S RUN MUSIC FESTIVAL 2025,"July 24- 26, 2025","Crystal Bay, NV",2025-07-24,2025-07-26
HEADWATERS COUNTRY JAM 2025,"July 24- 26, 2025","Three Forks, MT",2025-07-24,2025-07-26
LAZYDAYS FESTIVAL 2025,"July 25- 26, 2025","Southend-on-Sea, UK",2025-07-25,2025-07-26
MILKSHAKE FESTIVAL AMSTERDAM 2025,"July 26,  2025","Amsterdam, Netherlands",2025-07-26,2025-07-26
MONEGROS DESERT FESTIVAL 2025,"July 26,  2025","Fraga, Spain",2025-07-26,2025-07-26
NIGHT IN THE COUNTRY NEVADA 2025,"July 24- 26, 2025","Yerington, NV",2025-07-24,2025-07-26
PETALUMA MUSIC FESTIVAL 2025,"July 26,  2025","Petaluma, CA",2025-07-26,2025-07-26
POST. FESTIVAL 2025,"July 24- 26, 2025","Indianapolis, IN",2025-07-24,2025-07-26
REGGAE ON THE MOUNTAIN 2025,"July 26,  2025","Topanga, CA",2025-07-26,2025-07-26
S2O NEW YORK 2025,"July 25- 26, 2025","New York, NY",2025-07-25,2025-07-26
TIMBER! 2025,"July 24- 26, 2025","Carnation, WA",2025-07-24,2025-07-26
AFRO JAM 2025,"July 17- 27, 2025","Okinawa, Osaka, Tokyo, Japan Tour",2025-07-17,2025-07-27
BIG DUB FESTIVAL 2025,"July 22- 27, 2025","Artemas, PA",2025-07-22,2025-07-27
CALGARY FOLK MUSIC FESTIVAL 2025,"July 24- 27, 2025","Calgary, AB",2025-07-24,2025-07-27
CAMP BESTIVAL DORSET 2025,"July 24- 27, 2025","Dorset, UK",2025-07-24,2025-07-27
CAMPO SANCHO 2025,"July 24- 27, 2025","Stevenage, UK",2025-07-24,2025-07-27
CHEYENNE FRONTIER DAYS 2025,"July 18- 27, 2025","Cheyenne, WY",2025-07-18,2025-07-27
DAS FEST 2025,"July 24- 27, 2025","Karlsruhe, Germany",2025-07-24,2025-07-27
FLOYDFEST 2025,"July 23- 27, 2025","Floyd, VA",2025-07-23,2025-07-27
FOREST FEST 2025,"July 25- 27, 2025","Laois, Ireland",2025-07-25,2025-07-27
FUJI ROCK FESTIVAL 2025,"July 25- 27, 2025","Niigata, Japan",2025-07-25,2025-07-27
GREAT SOUTH BAY MUSIC FESTIVAL 2025,"July 24- 27, 2025","Patchogue, NY",2025-07-24,2025-07-27
HILLS OF ROCK 2025,"July 25- 27, 2025","Plovdiv, Bulgaria",2025-07-25,2025-07-27
JUNCTION 2 FESTIVAL 2025,"July 25- 27, 2025","London, UK",2025-07-25,2025-07-27
K-DAYS 2025,"July 18- 27, 2025","Edmonton, Alberta",2025-07-18,2025-07-27
LATITUDE FESTIVAL 2025,"July 24- 27, 2025","Suffolk, UK",2025-07-24,2025-07-27
LIQUICITY FESTIVAL 2025,"July 25- 27, 2025","Oudkarspel, Netherlands",2025-07-25,2025-07-27
LOW FESTIVAL 2025,"July 25- 27, 2025","Benidorm, Spain",2025-07-25,2025-07-27
MOONDANCE FESTIVAL 2025,"July 25- 27, 2025","Trogir, Croatia",2025-07-25,2025-07-27
NEWPORT FOLK FESTIVAL 2025,"July 25- 27, 2025","Newport, RI",2025-07-25,2025-07-27
OUT OF SPACE 2025,"July 24- 27, 2025","Skokie, IL",2025-07-24,2025-07-27
PALÉO FESTIVAL 2025,"July 22- 27, 2025","Nyon, Switzerland",2025-07-22,2025-07-27
POLIFONIC 2025,"July 23- 27, 2025","Valle D'Itria, Italy",2025-07-23,2025-07-27
POOLE HARBOUR FESTIVAL 2025,"July 25- 27, 2025","Poole, UK",2025-07-25,2025-07-27
PROJECT PABST 2025,"July 26- 27, 2025","Portland, OR",2025-07-26,2025-07-27
RED ANTS PANTS FESTIVAL 2025,"July 24- 27, 2025","White Sulphur Springs, MT",2025-07-24,2025-07-27
ROCK OYSTER FESTIVAL 2025,"July 24- 27, 2025","Wadebridge, UK",2025-07-24,2025-07-27
ROCKYGRASS FESTIVAL 2025,"July 25- 27, 2025","Lyons, CO",2025-07-25,2025-07-27
SALMON ARM ROOTS & BLUES 2025,"July 25- 27, 2025","Salmon Arm, BC",2025-07-25,2025-07-27
STANDON CALLING 2025,Cancelled,"Standon, UK",Cancelled,Cancelled
STEELHOUSE FESTIVAL 2025,"July 25- 27, 2025","Abertillery, UK",2025-07-25,2025-07-27
SUMMER APEX 2025,"July 25- 27, 2025","Elkhart Lake, WI",2025-07-25,2025-07-27
SUMMER SOUND FESTIVAL 2025,"July 25- 27, 2025","Guisborough, UK",2025-07-25,2025-07-27
THE BIG STOMP 2025,"July 26- 27, 2025","Louisville, KY",2025-07-26,2025-07-27
THE GREAT BEYOND 2025,"July 25- 27, 2025","Franklin, MN",2025-07-25,2025-07-27
TOGETHER AGAIN FESTIVAL 2025,"July 25- 27, 2025","Chester, UK",2025-07-25,2025-07-27
TOMORROWLAND 2025,"July 18- 27, 2025","Boom, Belgium",2025-07-18,2025-07-27
TORONTO’S FESTIVAL OF BEER 2025,"July 25- 27, 2025","Toronto, ON",2025-07-25,2025-07-27
TRAMLINES 2025,"July 25- 27, 2025","Sheffield, UK",2025-07-25,2025-07-27
TRUCK FESTIVAL 2025,"July 24- 27, 2025","Oxfordshire, UK",2025-07-24,2025-07-27
UNDERGROUND MUSIC SHOWCASE (UMS) 2025,"July 25- 27, 2025","Denver, Co",2025-07-25,2025-07-27
UNHINGED FESTIVAL 2025,"July 26- 27, 2025","Denver, CO",2025-07-26,2025-07-27
VILJANDI FOLK MUSIC FESTIVAL 2025,"July 24- 27, 2025","Viljandi, Estonia",2025-07-24,2025-07-27
WARPED TOUR LONG BEACH 2025,"July 26- 27, 2025","Long Beach, CA",2025-07-26,2025-07-27
WOMAD FESTIVAL 2025,Cancelled,"Malmesbury, UK",Cancelled,Cancelled
DEER SHED FESTIVAL 2025,"July 25- 28, 2025","Topcliffe, UK",2025-07-25,2025-07-28
HOME OF THE DRUM 2025,Cancelled,"Wales, UK",Cancelled,Cancelled
OUTLOOK FESTIVAL 2025,"July 24- 28, 2025","Tisno, Croatia",2025-07-24,2025-07-28
SHAMBHALA MUSIC FESTIVAL 2025,"July 25- 28, 2025","Salmo, BC",2025-07-25,2025-07-28
FESTIVAL DE CARCASSONNE 2025,"July 22- 29, 2025","Carcassonne, France",2025-07-22,2025-07-29
LES DÉFERLANTES 2025,"July 26- 29, 2025","Le Barcares, France",2025-07-26,2025-07-29
FLAMINGO REPUBLIC 2025,"July 28- 31, 2025","Novalja, Croatia",2025-07-28,2025-07-31
BELLADRUM TARTAN HEART FESTIVAL 2025,"July 31- August 2, 2025","Beauly, Scotland",2025-07-31,2025-08-02
BEYOND THE GATES 2025,"July 30- August 2, 2025","Bergen, Norway",2025-07-30,2025-08-02
CINCINNATI MUSIC FESTIVAL 2025,"July 31- August 2, 2025","Cincinnati, OH",2025-07-31,2025-08-02
COLOUR CLASH 2025,"August 2,  2025","Newport, Wales",2025-08-02,2025-08-02
COUNTY LINE COUNTRY FEST 2025,"July 31- August 2, 2025","Prairie du Chien, WI",2025-07-31,2025-08-02
EVERWILD FESTIVAL 2025,"July 31- August 2, 2025","Thornville, OH",2025-07-31,2025-08-02
FENGAROS FESTIVAL 2025,"July 31- August 2, 2025",Cyprus,2025-07-31,2025-08-02
LET IT ROLL 2025,"July 31- August 2, 2025","Prague, Czech",2025-07-31,2025-08-02
MAHA FESTIVAL 2025,"August 2,  2025","Omaha, NE",2025-08-02,2025-08-02
O DAYS FESTIVAL 2025,"July 31- August 2, 2025","Copenhagen, Denmark",2025-07-31,2025-08-02
PARADISE IN THE CITY 2025,"August 2,  2025","London, UK",2025-08-02,2025-08-02
POL’AND’ROCK 2025,"July 31- August 2, 2025","Czaplinek, Poland",2025-07-31,2025-08-02
PORISPERE 2025,"August 1- 2, 2025","Pori, Finland",2025-08-01,2025-08-02
ROCK THE RIND 2025,"July 31- August 2, 2025","Brownstown, IN",2025-07-31,2025-08-02
SUMMER RENDEZVOUS BEERFEST 2025,"August 2,  2025","Helena, MT",2025-08-02,2025-08-02
SUMMER SOUND LATVIA 2025,"August 1- 2, 2025","Liepaja, Latvia",2025-08-01,2025-08-02
SZENE OPENAIR 2025,"July 31- August 2, 2025","Lustenau, Austria",2025-07-31,2025-08-02
TENSION FESTIVAL 2025,"July 31- August 2, 2025","Basel, Switzerland",2025-07-31,2025-08-02
TERP FLOAT FEST 2025,"July 31- August 2, 2025","Tahlequah, OK",2025-07-31,2025-08-02
WACKEN 2025,"July 30- August 2, 2025","Wacken, Germany",2025-07-30,2025-08-02
WEEKEND FESTIVAL FINLAND 2025,"August 1- 2, 2025","Helsinki, Finland",2025-08-01,2025-08-02
WILDLANDS FESTIVAL BIG SKY 2025,"August 1- 2, 2025","Big Sky, MT",2025-08-01,2025-08-02
XTREME FEST 2025,"July 31- August 2, 2025","Tarn, France",2025-07-31,2025-08-02
ALL TOGETHER NOW FESTIVAL 2025,"July 31- August 3, 2025","Waterford, Ireland",2025-07-31,2025-08-03
AREA 506 2025,"August 1- 3, 2025","Saint John, NB",2025-08-01,2025-08-03
ARENAL SOUND 2025,"July 30- August 3, 2025","Borianna, Spain",2025-07-30,2025-08-03
BACK COVE MUSIC FESTIVAL 2025,"August 2- 3, 2025","Portland, ME",2025-08-02,2025-08-03
BEARS PICNIC 2025,"July 31- August 3, 2025","Blain, PA",2025-07-31,2025-08-03
BIG VALLEY JAMBOREE 2025,"July 31- August 3, 2025","Camrose, AB",2025-07-31,2025-08-03
BLUEGRASS AND BEER FESTIVAL 2025,"August 2- 3, 2025","Keystone, CO",2025-08-02,2025-08-03
CAMBRIDGE FOLK FESTIVAL 2025,Cancelled,"Cambridge, UK",Cancelled,Cancelled
CAMBRIDGE ROCK FESTIVAL 2025,"July 31- August 3, 2025","Cambridge, UK",2025-07-31,2025-08-03
CASTLEFEST 2025,"July 31- August 3, 2025","Amsterdam, NL",2025-07-31,2025-08-03
CHASING SUMMER 2025,"August 2- 3, 2025","Calgary, AB",2025-08-02,2025-08-03
DEKMANTEL FESTIVAL 2025,"August 1- 3, 2025","Amsterdam, Netherlands",2025-08-01,2025-08-03
DOUNE THE RABBIT HOLE 2025,"August 1- 3, 2025","Stirlingshire, Scotland",2025-08-01,2025-08-03
FAINE MISTO 2025,"August 1- 3, 2025","Lviv, Ukraine",2025-08-01,2025-08-03
FAMILY PIKNIK 2025,"August 1- 3, 2025","Frontignan, France",2025-08-01,2025-08-03
HARD SUMMER 2025,"August 2- 3, 2025","Los Angeles, CA",2025-08-02,2025-08-03
HINTERLAND MUSIC FESTIVAL 2025,"August 1- 3, 2025","Des Moines, IA",2025-08-01,2025-08-03
KASLO JAZZ FESTIVAL 2025,"August 1- 3, 2025","Kaslo, BC",2025-08-01,2025-08-03
KENDAL CALLING 2025,"July 31- August 3, 2025","Cumbria, UK",2025-07-31,2025-08-03
LOLLAPALOOZA CHICAGO 2025,"July 31- August 3, 2025","Chicago, IL",2025-07-31,2025-08-03
MADE FESTIVAL 2025,Cancelled,"Birmingham, UK",Cancelled,Cancelled
MAMMOTH BLUESAPALOOZA 2025,"July 31- August 3, 2025","Mammoth Lakes, CA",2025-07-31,2025-08-03
MEMBRAIN FESTIVAL 2025,"July 31- August 3, 2025","Šibenik, Croatia",2025-07-31,2025-08-03
MILE OF MUSIC 2025,"July 31- August 3, 2025","Appleton, WI",2025-07-31,2025-08-03
NATURE ONE 2025,"July 31- August 3, 2025","Kastellaun, Germany",2025-07-31,2025-08-03
NEWPORT JAZZ FESTIVAL 2025,"August 1- 3, 2025","Newport, RI",2025-08-01,2025-08-03
NOMADE REGGAE FESTIVAL 2025,"July 31- August 3, 2025","Anglefort, France",2025-07-31,2025-08-03
NOTODDEN BLUES FESTIVAL 2025,"July 31- August 3, 2025","Notodden, Norway",2025-07-31,2025-08-03
OFF FESTIVAL 2025,"August 1- 3, 2025","Katowice, Poland",2025-08-01,2025-08-03
OHRID CALLING 2025,"July 31- August 3, 2025","Ohrid, Macedonia",2025-07-31,2025-08-03
OREGON JAMBOREE 2025,"August 1- 3, 2025","Sweet Home, OR",2025-08-01,2025-08-03
OSHEAGA 2025,"August 1- 3, 2025","Montreal, QC",2025-08-01,2025-08-03
PELOPONNESE BEER FESTIVAL 2025,"August 1- 3, 2025","Kalamata, Greece",2025-08-01,2025-08-03
PENTAPORT ROCK FESTIVAL 2025,"August 1- 3, 2025","Incheon, South Korea",2025-08-01,2025-08-03
PICKATHON 2025,"July 31- August 3, 2025","Happy Valley, OR",2025-07-31,2025-08-03
PIGEON LAKE MUSIC FESTIVAL 2025,"August 1- 3, 2025","Mulhurst Bay, AB",2025-08-01,2025-08-03
PRIDE ON THE PARK 2025,"August 2- 3, 2025","Brighton, UK",2025-08-02,2025-08-03
REGGAE LAND FESTIVAL 2025,"August 2- 3, 2025","Milton Keynes, UK",2025-08-02,2025-08-03
REGGAE ON THE RIVER 2025,"August 1- 3, 2025","Garberville, CA",2025-08-01,2025-08-03
RHYTHMS ON THE RIO 2025,"July 31- August 3, 2025","Del Norte, CO",2025-07-31,2025-08-03
ROCKIN THE FIELDS 2025,"August 1- 3, 2025","Minnedosa, Manitoba",2025-08-01,2025-08-03
ROCKSTADT EXTREME FEST 2025,"July 30- August 3, 2025","Râșnov, Romania",2025-07-30,2025-08-03
SALMONFEST 2025,"August 1- 3, 2025","Ninilchik, AK",2025-08-01,2025-08-03
SOLAR WEEKEND 2025,"July 31- August 3, 2025","Roermond, Netherlands",2025-07-31,2025-08-03
SOUND HAVEN 2025,"July 31- August 3, 2025","Whitwell, TN",2025-07-31,2025-08-03
SUNFEST COUNTRY FESTIVAL 2025,"July 31- August 3, 2025","Lake Cowichan, BC",2025-07-31,2025-08-03
SUNNY HILL FESTIVAL 2025,"August 1- 3, 2025","Prishtina, Kosovo",2025-08-01,2025-08-03
SUNSKA FESTIVAL 2025,"August 1- 3, 2025","Vertheuil, France",2025-08-01,2025-08-03
SWEET PEA FESTIVAL 2025,"August 1- 3, 2025","Bozeman, MT",2025-08-01,2025-08-03
SYLAK OPEN AIR 2025,"August 1- 3, 2025","Saint-Maurice-de-Gourdans, France",2025-08-01,2025-08-03
VALLEY FEST 2025,Cancelled,"Chew Magna, UK",Cancelled,Cancelled
VELD MUSIC FESTIVAL 2025,"August 1- 3, 2025","Toronto, ON",2025-08-01,2025-08-03
WATERSHED FESTIVAL 2025,"August 1- 3, 2025","George, WA",2025-08-01,2025-08-03
WICKHAM FESTIVAL 2025,"July 31- August 3, 2025","Wickham, UK",2025-07-31,2025-08-03
WILDERNESS FESTIVAL 2025,"July 31- August 3, 2025","Oxfordshire, UK",2025-07-31,2025-08-03
Y NOT FESTIVAL 2025,"July 31- August 3, 2025","Derbyshire, UK",2025-07-31,2025-08-03
YOUNG ISLAND FESTIVAL 2025,"July 31- August 3, 2025","Bacău, România",2025-07-31,2025-08-03
DEFECTED CROATIA 2025,"July 30- August 4, 2025","Tisno, Croatia",2025-07-30,2025-08-04
GARBICZ FESTIVAL 2025,"July 31- August 4, 2025","Garbicz, Poland",2025-07-31,2025-08-04
OZORA FESTIVAL 2025,"July 25- August 5, 2025","Dádpuszta, Hungary",2025-07-25,2025-08-05
PUNK ROCK HOLIDAY 2025,"August 5- 8, 2025","Tolmin, Slovenia",2025-08-05,2025-08-08
ASHLEY FOR THE ARTS 2025,"August 7- 9, 2025","Arcadia, WI",2025-08-07,2025-08-09
BEANSTALK MUSIC FESTIVAL 2025,"August 7- 9, 2025","Bond, Colorado",2025-08-07,2025-08-09
BRAUN BROTHERS REUNION 2025,"August 7- 9, 2025","Challis, ID",2025-08-07,2025-08-09
BRUTAL ASSAULT 2025,"August 6- 9, 2025","Jaroměř, Czech",2025-08-06,2025-08-09
DANCE VALLEY 2025,"August 9,  2025","Velsen, Netherlands",2025-08-09,2025-08-09
DAS ENERGI FESTIVAL 2025,"August 8- 9, 2025","Salt Lake City, UT",2025-08-08,2025-08-09
DOMEFEST 2025,"August 7- 9, 2025","New River Gorge, WV",2025-08-07,2025-08-09
FRESH WAVE FESTIVAL 2025,"August 7- 9, 2025","Banja Luka, BiH",2025-08-07,2025-08-09
GRAPE FESTIVAL 2025,"August 8- 9, 2025","Piešťany, Slovakia",2025-08-08,2025-08-09
GREAT BRITISH BEER FESTIVAL 2025,"August 5- 9, 2025","Birmingham, UK",2025-08-05,2025-08-09
HALDERN POP FESTIVAL 2025,"August 7- 9, 2025","Haldern, Germany",2025-08-07,2025-08-09
HELLSINKI METAL FESTIVAL 2025,"August 8- 9, 2025","Helsinki, Finland",2025-08-08,2025-08-09
JAMPACKED FESTIVAL 2025,"August 9,  2025","Richmond, VA",2025-08-09,2025-08-09
LEYENDAS DEL ROCK 2025,"August 6- 9, 2025","Villena, Spain",2025-08-06,2025-08-09
LOVEFEST 2025,"August 7- 9, 2025","Vrnjačka Banja, Serbia",2025-08-07,2025-08-09
NEON NIGHTS 2025,"August 8- 9, 2025","North Lawrence, OH",2025-08-08,2025-08-09
NEOPOP 2025,"August 7- 9, 2025","Viana do Castelo, Portugal",2025-08-07,2025-08-09
OYA FESTIVAL 2025,"August 5- 9, 2025","Oslo, Norway",2025-08-05,2025-08-09
PICTURE ON FESTIVAL 2025,"August 8- 9, 2025","Unterbildein, Austria",2025-08-08,2025-08-09
POSITIVUS FESTIVAL 2025,"August 8- 9, 2025","Riga, Lucavsala",2025-08-08,2025-08-09
ROCK LA CAUZE 2025,"August 7- 9, 2025","Victoriaville, QC",2025-08-07,2025-08-09
SHUTDOWN 2025,"August 9,  2025","Vienna, Austria",2025-08-09,2025-08-09
SONICBLAST 2025,"August 7- 9, 2025","Vila Praia de Âncora, Portugal",2025-08-07,2025-08-09
STARS IN TOWN 2025,"July 30- August 9, 2025","Schaffhausen, Switzerland",2025-07-30,2025-08-09
SUDOESTE FESTIVAL 2025,Cancelled,"Zambujeira Do Mar, Portugal",Cancelled,Cancelled
SYD FOR SOLEN 2025,"August 7- 9, 2025","Frederiksberg, Denmark",2025-08-07,2025-08-09
THIS IS HARDCORE FEST 2025,"August 8- 9, 2025","Philadelphia, PA",2025-08-08,2025-08-09
TRIBES UNITE 2025,"August 9,  2025","Milton Keynes, UK",2025-08-09,2025-08-09
UP IN THE SKY FESTIVAL 2025,"August 8- 9, 2025","Aspen, CO",2025-08-08,2025-08-09
WAY OUT WEST 2025,"August 7- 9, 2025","Goteborg, Sweden",2025-08-07,2025-08-09
WE FEST 2025,"August 7- 9, 2025","Detroit Lakes, MN",2025-08-07,2025-08-09
XROADS41 2025,"August 7- 9, 2025","Oshkosh, WI",2025-08-07,2025-08-09
ALCATRAZ METAL FEST 2025,"August 8- 10, 2025","Kortrijk, Belgium",2025-08-08,2025-08-10
BACK 2 FESTIVAL 2025,"August 7- 10, 2025","Nottinghamshire, UK",2025-08-07,2025-08-10
BAJA BEACH FEST 2025,"August 8- 10, 2025","Rosarito Beach, Mexico",2025-08-08,2025-08-10
BALANCE CROATIA FESTIVAL 2025,"August 8- 10, 2025","Tisno, Croatia",2025-08-08,2025-08-10
BAY FEST 2025,"August 8- 10, 2025","Bellaria Igea Marina, Italy",2025-08-08,2025-08-10
BAYFRONT BLUES FESTIVAL 2025,"August 8- 10, 2025","Duluth, MN",2025-08-08,2025-08-10
BIG SMOKE FESTIVAL 2025,"August 9- 10, 2025","London, UK",2025-08-09,2025-08-10
BOARDMASTERS 2025,"August 6- 10, 2025","Newquay, UK",2025-08-06,2025-08-10
BOOMTOWN 2025,"August 6- 10, 2025","Hampshire, UK",2025-08-06,2025-08-10
BOOTS AND HEARTS 2025,"August 7- 10, 2025","Oro-Medonte, ON",2025-08-07,2025-08-10
BROCCOLI CITY FESTIVAL 2025,"August 8- 10, 2025","Washington, DC",2025-08-08,2025-08-10
BRUNCH ELECTRONIK FESTIVAL 2025,"August 8- 10, 2025","Barcelona, Spain",2025-08-08,2025-08-10
COMING HOME FESTIVAL 2025,Cancelled,"Amaranth, ON",Cancelled,Cancelled
DEVA FEST 2025,"August 7- 10, 2025","Chester, UK",2025-08-07,2025-08-10
DREAMBEACH VILLARICOS 2025,"August 7- 10, 2025","Villaricos, Spain",2025-08-07,2025-08-10
E-LAKE 2025,"August 8- 10, 2025","Echternach, Luxembourg",2025-08-08,2025-08-10
EDMONTON FOLK FESTIVAL 2025,"August 7- 10, 2025","Edmonton, AB",2025-08-07,2025-08-10
ELECTRISIZE FESTIVAL 2025,"August 8- 10, 2025","Erkelenz, Germany",2025-08-08,2025-08-10
ELEMENTS MUSIC FESTIVAL 2025,"August 8- 10, 2025","Long Pond, PA",2025-08-08,2025-08-10
FLOW FESTIVAL 2025,"August 8- 10, 2025","Helsinki, Finland",2025-08-08,2025-08-10
GLOWORM FESTIVAL 2025,"August 8- 10, 2025","Nottinghamshire, UK",2025-08-08,2025-08-10
GRAND TARGHEE BLUEGRASS FEST 2025,"August 8- 10, 2025","Alta, WY",2025-08-08,2025-08-10
GUSTER’S ON THE OCEAN 2025,"August 8- 10, 2025","Portland, ME",2025-08-08,2025-08-10
HOUGHTON FESTIVAL 2025,"August 7- 10, 2025","Houghton, UK",2025-08-07,2025-08-10
ILESONIQ 2025,"August 9- 10, 2025","Montreal, QC",2025-08-09,2025-08-10
JURASSIC FIELDS 2025,"August 8- 10, 2025","Bridport, UK",2025-08-08,2025-08-10
LAKEFEST 2025,"August 6- 10, 2025","Ledbury, UK",2025-08-06,2025-08-10
LES PLAGES ELECTRONIQUES 2025,"August 8- 10, 2025","Cannes, France",2025-08-08,2025-08-10
LOKERSE FEESTEN 2025,"August 1- 10, 2025","Lokeren, Belgium",2025-08-01,2025-08-10
LONG BEACH JAZZ FESTIVAL 2025,"August 9- 10, 2025","Long Beach, California",2025-08-09,2025-08-10
LOVELAND FESTIVAL 2025,"August 9- 10, 2025","Amsterdam, Netherlands",2025-08-09,2025-08-10
M’ERA LUNA 2025,"August 9- 10, 2025","Hildesheim, Germany",2025-08-09,2025-08-10
MOMENTO DEMENTO (MO:DEM) 2025,"August 4- 10, 2025","Primišlje, Croatia",2025-08-04,2025-08-10
MUSIKFEST 2025,"August 1- 10, 2025","Bethlehem, PA",2025-08-01,2025-08-10
NO LOGO FESTIVAL 2025,"August 8- 10, 2025","Fraisans, France",2025-08-08,2025-08-10
OPEN FLAIR FESTIVAL 2025,"August 6- 10, 2025","Eschwege, Germany",2025-08-06,2025-08-10
OUTSIDE LANDS 2025,"August 8- 10, 2025","San Francisco, CA",2025-08-08,2025-08-10
PYRAMID FESTIVAL 2025,"August 4- 10, 2025","Ilino, Serbia",2025-08-04,2025-08-10
RE/EVOLUTION FESTIVAL 2025,"August 6- 10, 2025","Darrington, WA",2025-08-06,2025-08-10
REBELLION FESTIVAL 2025,"August 7- 10, 2025","Blackpool, UK",2025-08-07,2025-08-10
ROCKY MOUNTAIN FOLKS FESTIVAL 2025,"August 8- 10, 2025","Lyons, CO",2025-08-08,2025-08-10
SAN JOSE JAZZ FESTIVAL 2025,"August 8- 10, 2025","San Jose, California",2025-08-08,2025-08-10
SMUKFEST 2025,"August 3- 10, 2025","Skanderborg, Denmark",2025-08-03,2025-08-10
SONNEMONDSTERNE 2025,"August 8- 10, 2025","Saalburg-Ebersdorf, Germany",2025-08-08,2025-08-10
SUMMER WELL 2025,"August 8- 10, 2025","Buftea, Romania",2025-08-08,2025-08-10
SUMMER’S END SMOKEOUT 2025,"August 7- 10, 2025","Republic, MI",2025-08-07,2025-08-10
TAUBERTAL FESTIVAL 2025,"August 7- 10, 2025","Rothenburg ob der Tauber, Germany",2025-08-07,2025-08-10
TELLURIDE JAZZ FESTIVAL 2025,"August 8- 10, 2025","Telluride, CO",2025-08-08,2025-08-10
UNTOLD FESTIVAL 2025,"August 7- 10, 2025","Cluj, Romania",2025-08-07,2025-08-10
VOICES OF AMERICA 2025,"August 7- 10, 2025","Cincinnati, OH",2025-08-07,2025-08-10
YPSIGROCK FESTIVAL 2025,"August 7- 10, 2025","Castelbuono, Sicily",2025-08-07,2025-08-10
ZIN IN DE ZOMER FEST 2025,"August 10,  2025","Spaarnwoude, Netherlands",2025-08-10,2025-08-10
BLOODSTOCK 2025,"August 7- 11, 2025","Derbyshire, UK",2025-08-07,2025-08-11
FUTURE FOREST 2025,"August 7- 11, 2025","Fredericton, NB",2025-08-07,2025-08-11
MEDUSA SUNBEACH FESTIVAL 2025,"August 7- 11, 2025","Cullera, Spain",2025-08-07,2025-08-11
STILLDREAM FESTIVAL 2025,"August 7- 11, 2025","Belden, CA",2025-08-07,2025-08-11
SZIGET 2025,"August 6- 11, 2025","Budapest, Hungary",2025-08-06,2025-08-11
BARRAKUD CROATIA 2025,"August 10- 14, 2025","Novalja, Croatia",2025-08-10,2025-08-14
BASH ON THE BAY 2025,"August 13- 14, 2025","Put-In-Bay, OH",2025-08-13,2025-08-14
FM4 FREQUENCY FESTIVAL 2025,"August 13- 15, 2025","St. Polten, Austria",2025-08-13,2025-08-15
ARCTANGENT 2025,"August 13- 16, 2025","Compton Martin, UK",2025-08-13,2025-08-16
BLOCKFEST 2025,"August 15- 16, 2025","Tampere, Finland",2025-08-15,2025-08-16
BREAKAWAY FESTIVAL MICHIGAN 2025,"August 15- 16, 2025","Grand Rapids, MI",2025-08-15,2025-08-16
DEEP TROPICS 2025,"August 15- 16, 2025","Nashville, TN",2025-08-15,2025-08-16
ECHELON 2025,"August 15- 16, 2025","Bad Aibling, Germany",2025-08-15,2025-08-16
FINDINGS FESTIVAL 2025,"August 15- 16, 2025","Oslo, Norway",2025-08-15,2025-08-16
GATHERING OF THE JUGGALOS 2025,"August 13- 16, 2025","Thornville, OH",2025-08-13,2025-08-16
GLITCH FESTIVAL 2025,"August 13- 16, 2025","Haz-Zebbug, Malta",2025-08-13,2025-08-16
HALIFAX SEAPORT CIDER BEERFEST 2025,"August 14- 16, 2025","Halifax, NS",2025-08-14,2025-08-16
LA ROUTE DU ROCK 2025,"August 13- 16, 2025","St Malo, France",2025-08-13,2025-08-16
LASSO MONTREAL 2025,"August 15- 16, 2025","Montreal, QC",2025-08-15,2025-08-16
MACHAC FESTIVAL 2025,"August 15- 16, 2025","Doksy, Czech",2025-08-15,2025-08-16
MS DOCKVILLE 2025,"August 15- 16, 2025","Hamburg, Germany",2025-08-15,2025-08-16
OAK PARK MICROBREW REVIEW 2025,"August 16,  2025","Oak Park, IL",2025-08-16,2025-08-16
PANORAMA FESTIVAL ITALY 2025,"August 14- 16, 2025","Vitigliano, Italy",2025-08-14,2025-08-16
PAREDES DE COURA 2025,"August 13- 16, 2025","Paredes de Coura, Portugal",2025-08-13,2025-08-16
PARK CITY SONG SUMMIT 2025,"August 14- 16, 2025","Park City, UT",2025-08-14,2025-08-16
PSTEREO FESTIVAL 2025,"August 15- 16, 2025","Trondheim, Norway",2025-08-15,2025-08-16
RED VALLEY 2025,"August 13- 16, 2025","Sardinia, Italy",2025-08-13,2025-08-16
RHYMEFEST 2025,"August 16,  2025","Los Angeles, CA",2025-08-16,2025-08-16
ROCK CASTLE 2025,"August 14- 16, 2025","Moravsky Krumlov, Czech",2025-08-14,2025-08-16
ROCK N ROLL CIRCUS NORWICH 2025,"August 14- 16, 2025","Norwich, UK",2025-08-14,2025-08-16
SAN HEJMO FESTIVAL 2025,"August 15- 16, 2025","Weeze, NRW, Germany",2025-08-15,2025-08-16
SHAQS BASS ALL STARS PHOENIX 2025,"August 16,  2025","Phoenix, AZ",2025-08-16,2025-08-16
SUMMER BREEZE 2025,"August 13- 16, 2025","Dinkelsbuhl, Germany",2025-08-13,2025-08-16
AFROFUTURE DETROIT 2025,"August 16- 17, 2025","Detroit, MI",2025-08-16,2025-08-17
AQUASELLA FESTIVAL 2025,"August 14- 17, 2025","Arriondas, Spain",2025-08-14,2025-08-17
BASS CANYON 2025,"August 15- 17, 2025","George, WA",2025-08-15,2025-08-17
BEAUTIFUL DAYS 2025,"August 15- 17, 2025","Ottery Saint Mary, UK",2025-08-15,2025-08-17
CABARET VERT 2025,"August 14- 17, 2025","Charleville-Mézières, France",2025-08-14,2025-08-17
CAMP REDWOODS 2025,"August 15- 17, 2025","Navarro, CA",2025-08-15,2025-08-17
COUNTRY THUNDER ALBERTA 2025,"August 15- 17, 2025","Calgary, AB",2025-08-15,2025-08-17
DECIBEL OUTDOOR FESTIVAL 2025,"August 15- 17, 2025","Hilvarenbeek, Netherlands",2025-08-15,2025-08-17
DROPS FESTIVAL 2025,"August 12- 17, 2025","Tenetiše, Slovenia",2025-08-12,2025-08-17
DYNAMO METALFEST 2025,"August 15- 17, 2025","Eindhoven, Netherlands",2025-08-15,2025-08-17
FIELD MANEUVERS 2025,"August 15- 17, 2025","Norfolk, UK",2025-08-15,2025-08-17
FIELD OF VISION FESTIVAL 2025,"August 15- 17, 2025","Buena Vista, CO",2025-08-15,2025-08-17
GREEN MAN FESTIVAL 2025,"August 14- 17, 2025","Brecon Beacons, Wales",2025-08-14,2025-08-17
GREEN MOUNTAIN BLUEGRASS FEST 2025,"August 14- 17, 2025","Manchester, VT",2025-08-14,2025-08-17
HARDWICK FESTIVAL 2025,"August 15- 17, 2025","Stockton-on-Tees, UK",2025-08-15,2025-08-17
HIGHFIELD FESTIVAL 2025,"August 15- 17, 2025","Leipzig, Germany",2025-08-15,2025-08-17
LOVESTREAM FESTIVAL 2025,"August 15- 17, 2025","Bratislava, Slovakia",2025-08-15,2025-08-17
LOWLANDS FESTIVAL 2025,"August 15- 17, 2025","Biddinghuizen, Netherlands",2025-08-15,2025-08-17
MILWAUKEE IRISH FEST 2025,"August 14- 17, 2025","Milwaukee, WI",2025-08-14,2025-08-17
MOTOCULTOR FESTIVAL 2025,"August 14- 17, 2025","Carhaix-Plouguer, France",2025-08-14,2025-08-17
OPEN AIR GAMPEL 2025,"August 14- 17, 2025","Gampel, Switzerland",2025-08-14,2025-08-17
PERSEIDS FESTIVAL 2025,"August 14- 17, 2025","Cres, Croatia",2025-08-14,2025-08-17
PHILADELPHIA FOLK FESTIVAL 2025,"August 15- 17, 2025","Upper Salford, PA",2025-08-15,2025-08-17
PUKKELPOP 2025,"August 14- 17, 2025","Kiewit-Hasselt, Belgium",2025-08-14,2025-08-17
PURBECK VALLEY FOLK FESTIVAL 2025,"August 14- 17, 2025","Wareham, UK",2025-08-14,2025-08-17
REWIND FESTIVAL SOUTH 2025,"August 15- 17, 2025","Henley, UK",2025-08-15,2025-08-17
RIVERFEST ELORA 2025,"August 15- 17, 2025","Elora, ON",2025-08-15,2025-08-17
SOL BLUME 2025,Cancelled,"Sacramento, CA",Cancelled,Cancelled
SPLASH HOUSE 2025,"August 8- 17, 2025","Palm Springs, CA",2025-08-08,2025-08-17
STOWAWAY FESTIVAL 2025,"August 15- 17, 2025","Buckinghamshire, UK",2025-08-15,2025-08-17
SUMMER SONIC 2025,"August 16- 17, 2025","Tokyo/Osaka, Japan",2025-08-16,2025-08-17
TRIBFEST 2025,"August 15- 17, 2025","Driffield, UK",2025-08-15,2025-08-17
UTAH BEER FESTIVAL 2025,"August 16- 17, 2025","Salt Lake City, UT",2025-08-16,2025-08-17
WAO FESTIVAL 2025,"August 13- 17, 2025","San Venanzo, Italy",2025-08-13,2025-08-17
WE OUT HERE 2025,"August 14- 17, 2025","Wimborne St Giles, UK",2025-08-14,2025-08-17
WECANDANCE 2025,"August 15- 17, 2025","Zeebrugge Beach, Belgium",2025-08-15,2025-08-17
A.WAKE FESTIVAL 2025,"August 16- 18, 2025","Westmeath, Ireland",2025-08-16,2025-08-18
ANOTHER WORLD MUSIC FESTIVAL 2025,Cancelled,"Wrexham, Wales",Cancelled,Cancelled
MEADOWS IN THE MOUNTAINS 2025,Cancelled,"Rhodope Mountains, Bulgaria",Cancelled,Cancelled
SOUL SESSION MALTA 2025,"August 14- 19, 2025","St Paul's Bay, Malta",2025-08-14,2025-08-19
SONUS FESTIVAL 2025,"August 17- 21, 2025","Novalja, Croatia",2025-08-17,2025-08-21
CANELA PARTY 2025,"August 20- 23, 2025","Torremolinos, Spain",2025-08-20,2025-08-23
DRY DIGGINGS 2025,"August 22- 23, 2025","Auburn, CA",2025-08-22,2025-08-23
EASTERN ELECTRICS 2025,Cancelled,"London, UK",Cancelled,Cancelled
FEELINGS FESTIVAL 2025,"August 22- 23, 2025","Bergen, Norway",2025-08-22,2025-08-23
FESTIVAL COUNTRY LOTBINIÈRE 2025,"August 21- 23, 2025","St. Agapit, QC",2025-08-21,2025-08-23
ROTOTOM SUNSPLASH 2025,"August 16- 23, 2025","Castellón, Spain",2025-08-16,2025-08-23
SAN JUAN BREWFEST 2025,"August 22- 23, 2025","Durango, CO",2025-08-22,2025-08-23
SOUTH FACING FESTIVAL 2025,"August 10- 23, 2025","London, UK",2025-08-10,2025-08-23
SOUTH SOUND BLOCK PARTY 2025,"August 22- 23, 2025","Olympia, WA",2025-08-22,2025-08-23
STRAND FESTIVAL 2025,"August 21- 23, 2025","Zamárdi, Hungary",2025-08-21,2025-08-23
SUSET FESTIVAL 2025,"August 22- 23, 2025","Esbjerg, Denmark",2025-08-22,2025-08-23
THE BIG WHAT? 2025,"August 21- 23, 2025","Pittsboro, NC",2025-08-21,2025-08-23
THING FESTIVAL 2025,"August 2- 23, 2025","Carnation, WA",2025-08-02,2025-08-23
TOUQUET MUSIC BEACH 2025,"August 22- 23, 2025","Le Touquet-Paris-Plage, France",2025-08-22,2025-08-23
V AND B FEST 2025,"August 22- 23, 2025","Château-Gontier-sur-Mayenne, France",2025-08-22,2025-08-23
VILAR DE MOUROS 2025,"August 21- 23, 2025","Vilar de Mouros, Portugal",2025-08-21,2025-08-23
YQM COUNTRY FEST 2025,"August 21- 23, 2025","Dieppe, NB",2025-08-21,2025-08-23
ALL POINTS EAST FESTIVAL 2025,"August 21- 24, 2025","London, UK",2025-08-21,2025-08-24
AMA MUSIC FESTIVAL 2025,"August 20- 24, 2025","Romano D'ezzelino, Italy",2025-08-20,2025-08-24
BLACK BEAR AMERICANA MUSIC FEST 2025,"August 22- 24, 2025","Harwinton, CT",2025-08-22,2025-08-24
CARFEST 2025,"August 22- 24, 2025","Overton, UK",2025-08-22,2025-08-24
CREAMFIELDS 2025,"August 21- 24, 2025","Daresbury, UK",2025-08-21,2025-08-24
EMERGE FESTIVAL 2025,"August 23- 24, 2025","Belfast, UK",2025-08-23,2025-08-24
FORWARDS FESTIVAL 2025,"August 23- 24, 2025","Bristol, UK",2025-08-23,2025-08-24
FOUND FESTIVAL 2025,"August 22- 24, 2025","Buckinham, UK",2025-08-22,2025-08-24
GONE WILD FESTIVAL 2025,"August 21- 24, 2025","Exeter, UK",2025-08-21,2025-08-24
LALALA FESTIVAL 2025,"August 22- 24, 2025","Jakarta, Indonesia",2025-08-22,2025-08-24
LEEDS FESTIVAL 2025,"August 21- 24, 2025","Leeds, UK",2025-08-21,2025-08-24
LOST VILLAGE 2025,"August 21- 24, 2025","Lincolnshire, UK",2025-08-21,2025-08-24
MARCUS KING BAND REUNION 2025,"August 23- 24, 2025","North Charleston, SC",2025-08-23,2025-08-24
MUTEK MONTREAL 2025,"August 20- 24, 2025","Montreal, QC",2025-08-20,2025-08-24
MYSTERYLAND 2025,"August 22- 24, 2025","Haarlemmermeer, Netherlands",2025-08-22,2025-08-24
NIBIRII FESTIVAL 2025,"August 22- 24, 2025","Duren, Germany",2025-08-22,2025-08-24
READING FESTIVAL 2025,"August 21- 24, 2025","Reading, UK",2025-08-21,2025-08-24
ROCK EN SEINE 2025,"August 20- 24, 2025","Paris, France",2025-08-20,2025-08-24
SHAMBALA MUSIC FESTIVAL 2025,"August 21- 24, 2025","Northamptonshire, UK",2025-08-21,2025-08-24
THE BIG FEASTIVAL 2025,"August 22- 24, 2025","Chipping Norton, UK",2025-08-22,2025-08-24
THE HOMIE COLLECTIVE CAMPOUT 2025,"August 21- 24, 2025","Russell, MA",2025-08-21,2025-08-24
THE LONG ROAD FESTIVAL 2025,"August 22- 24, 2025","Lutterworth, UK",2025-08-22,2025-08-24
VICTORIOUS FESTIVAL 2025,"August 22- 24, 2025","Portsmouth, UK",2025-08-22,2025-08-24
CAMPER CALLING 2025,"August 22- 25, 2025","Alcester, UK",2025-08-22,2025-08-25
DEKMANTEL SELECTORS 2025,"August 21- 25, 2025","Tisno, Croatia",2025-08-21,2025-08-25
ELECTRIC SKY FESTIVAL 2025,"August 22- 25, 2025","Big River, SK",2025-08-22,2025-08-25
MANCHESTER PRIDE 2025,"August 22- 25, 2025","Manchester, UK",2025-08-22,2025-08-25
SHREWSBURY FOLK FESTIVAL 2025,"August 22- 25, 2025","Shrewsbury, UK",2025-08-22,2025-08-25
TUNES IN THE PARK 2025,"August 21- 25, 2025","Cornwall, UK",2025-08-21,2025-08-25
EDINBURGH SUMMER SESSIONS 2025,"August 22- 26, 2025","Edinburgh, Scotland",2025-08-22,2025-08-26
ACIELOAPERTO FESTIVAL 2025,"July 16- August 29, 2025","Rocca Malatestian, Italy",2025-07-16,2025-08-29
BELFAST VITAL 2025,"August 28- 29, 2025","Belfast, UK",2025-08-28,2025-08-29
BRIGHTON PSYCH FEST 2025,"August 29,  2025","Brighton, UK",2025-08-29,2025-08-29
ON THE BLUE CRUISE 2025,"August 22- 29, 2025","Boston, Halifax, &amp; St. John, Canada",2025-08-22,2025-08-29
BASSCON WASTELAND FESTIVAL 2025,"August 29- 30, 2025","San Bernardino, CA",2025-08-29,2025-08-30
HEROES FESTIVAL HANNOVER 2025,"August 29- 30, 2025","Hannover, Germany",2025-08-29,2025-08-30
KARRUSEL 2025,"August 28- 30, 2025","Copenhagen, Denmark",2025-08-28,2025-08-30
LINDISFARNE FESTIVAL 2025,"August 28- 30, 2025","Berwick-upon-Tweed, UK",2025-08-28,2025-08-30
MANCHESTER PSYCH FEST 2025,"August 30,  2025","Manchester, UK",2025-08-30,2025-08-30
PEORIA BLUES AND HERITAGE FESTIVAL 2025,"August 29- 30, 2025","Peoria, IL",2025-08-29,2025-08-30
SOUTH OCEAN FESTIVAL 2025,"August 29- 30, 2025","Malmo, Sweden",2025-08-29,2025-08-30
SUMMER PEAK FESTIVAL 2025,"August 23- 30, 2025","Novalja, Croatia",2025-08-23,2025-08-30
SZIN 2025,"August 27- 30, 2025","Szeged, Hungary",2025-08-27,2025-08-30
TONDER FESTIVAL 2025,"August 27- 30, 2025","Tønder, Denmark",2025-08-27,2025-08-30
ZEEZOUT FESTIVAL 2025,"August 30,  2025","Amsterdam, Netherlands",2025-08-30,2025-08-30
ZURICH OPENAIR 2025,"August 22- 30, 2025","Zurich, Switzerland",2025-08-22,2025-08-30
ADIRONDACK INDEPENDENCE MUSIC FESTIVAL 2025,"August 29- 31, 2025","Lake George, NY",2025-08-29,2025-08-31
ARC MUSIC FESTIVAL 2025,"August 29- 31, 2025","Chicago, IL",2025-08-29,2025-08-31
BUMBERSHOOT 2025,"August 30- 31, 2025","Seattle, WA",2025-08-30,2025-08-31
CAVEMAN MUSIC FESTIVAL 2025,"August 28- 31, 2025","Weston, Colorado",2025-08-28,2025-08-31
CHICAGO JAZZ FESTIVAL 2025,"August 28- 31, 2025","Chicago, Illinois",2025-08-28,2025-08-31
DELAWARE VALLEY BLUEGRASS FESTIVAL 2025,"August 29- 31, 2025","Woodstown, NJ",2025-08-29,2025-08-31
DELTA FESTIVAL 2025,"August 27- 31, 2025","Marseille, France",2025-08-27,2025-08-31
EARL SCRUGGS MUSIC FESTIVAL 2025,"August 29- 31, 2025","Mill Spring, NC",2025-08-29,2025-08-31
EDINBURGH PSYCH FEST 2025,"August 31,  2025","Edinburgh, UK",2025-08-31,2025-08-31
ELECTRIC PICNIC 2025,"August 29- 31, 2025","Laois, Ireland",2025-08-29,2025-08-31
END OF THE ROAD FESTIVAL 2025,"August 28- 31, 2025","Tollard Royal, UK",2025-08-28,2025-08-31
FARMJAM MUSIC FESTIVAL 2025,"August 29- 31, 2025","Colville, WA",2025-08-29,2025-08-31
FREE EARTH FESTIVAL 2025,"August 25- 31, 2025","Halkdiki, Greece",2025-08-25,2025-08-31
FRONT PORCH FESTIVAL 2025,"August 28- 31, 2025","Staurt, VA",2025-08-28,2025-08-31
GOLDEN LEAVES FESTIVAL 2025,"August 30- 31, 2025","Darmstadt, Germany",2025-08-30,2025-08-31
HIM DUB FESTIVAL 2025,"August 25- 31, 2025","Rapoula do Côa, Portugal",2025-08-25,2025-08-31
HOLO HOLO SAN DIEGO 2025,"August 30- 31, 2025","San Diego, CA",2025-08-30,2025-08-31
INTO THE GREAT WIDE OPEN 2025,"August 28- 31, 2025","Vlieland, Netherlands",2025-08-28,2025-08-31
JAZZ ASPEN SNOWMASS 2025,"August 29- 31, 2025","Snowmass, CO",2025-08-29,2025-08-31
JOHN COLTRANE JAZZ & BLUES FEST 2025,"August 30- 31, 2025","High Point, NC",2025-08-30,2025-08-31
METAMORPHIS FESTIVAL 2025,"August 29- 31, 2025",Orlando. FL,2025-08-29,2025-08-31
MOSELEY FOLK & ARTS FESTIVAL 2025,"August 29- 31, 2025","Birmingham, UK",2025-08-29,2025-08-31
NORTH COAST MUSIC FESTIVAL 2025,"August 29- 31, 2025","Chicago, IL",2025-08-29,2025-08-31
PARADIGM FESTIVAL 2025,"August 23- 31, 2025","Groningen, Netherlands",2025-08-23,2025-08-31
REGGAE RISE UP OREGON 2025,"August 29- 31, 2025","Redmond, OR",2025-08-29,2025-08-31
RHYTHM AND ROOTS 2025,"August 29- 31, 2025","Charlestown, RI",2025-08-29,2025-08-31
ROCK N ROLL CIRCUS SHEFFIELD 2025,"August 28- 31, 2025","Sheffield, UK",2025-08-28,2025-08-31
ROCKLAHOMA 2025,"August 29- 31, 2025","Pryor, OK",2025-08-29,2025-08-31
RPM FEST 2025,"August 29- 31, 2025","Montague, MA",2025-08-29,2025-08-31
SHOE FEST 2025,"August 29- 31, 2025","Manteno, IL",2025-08-29,2025-08-31
SUNDOWN FESTIVAL 2025,Cancelled,"Norwich, UK",Cancelled,Cancelled
SUPERBLOOM FESTIVAL 2025,"August 30- 31, 2025","Munich, Germany",2025-08-30,2025-08-31
UNITY AT THE SPHERE 2025,"August 29- 31, 2025","Las Vegas, NV",2025-08-29,2025-08-31
UNITY ELECTRO FEST 2025,"August 30- 31, 2025","Québec City, QC",2025-08-30,2025-08-31
BURNING MAN 2025,"August 24- September 1, 2025","Gerlach, NV",2025-08-24,2025-09-01
DETROIT JAZZ FESTIVAL 2025,"August 29- September 1, 2025","Detroit, Michigan",2025-08-29,2025-09-01
DIMENSIONS FESTIVAL 2025,"August 28- September 1, 2025","Tisno, Croatia",2025-08-28,2025-09-01
INDIAN SPIRIT FESTIVAL 2025,"August 27- September 1, 2025","Eldena, Germany",2025-08-27,2025-09-01
KARNIVAL OF THE ARTS 2025,"August 28- September 1, 2025","Kempton, PA",2025-08-28,2025-09-01
SHANGRI-LA FESTIVAL 2025,"August 29- September 1, 2025","Clark's Grove, MN",2025-08-29,2025-09-01
WICKED WOODS FESTIVAL 2025,"August 29- September 1, 2025","Fairmont Hot Springs, BC",2025-08-29,2025-09-01
DIRTYBIRD CAMPINN 2025,"August 29- September 2, 2025","Orlando, FL",2025-08-29,2025-09-02
BREAKAWAY FESTIVAL MASS 2025,"September 5- 6, 2025","Worcester, MA",2025-09-05,2025-09-06
DRAAIMOLEN FESTIVAL 2025,"September 5- 6, 2025","Tilburg, Netherlands",2025-09-05,2025-09-06
FALL RENDEZVOUS BREWFEST 2025,"September 6,  2025","Missoula, MT",2025-09-06,2025-09-06
HOPSCOTCH FESTIVAL 2025,"September 4- 6, 2025","Raleigh, NC",2025-09-04,2025-09-06
PROGPOWER USA 2025,"September 3- 6, 2025","Atlanta, GA",2025-09-03,2025-09-06
REMINISCE FESTIVAL 2025,"September 6,  2025","Saint Helens, UK",2025-09-06,2025-09-06
TOTAL LOSS 2025,"September 6,  2025","Eindhoven, NL",2025-09-06,2025-09-06
UNBROKEN CIRCLE FESTIVAL 2025,"September 4- 6, 2025","Madison, IN",2025-09-04,2025-09-06
VIVE LATINO SPAIN 2025,"September 5- 6, 2025","Zaragoza, Spain",2025-09-05,2025-09-06
BAYZARA MUSIC FESTIVAL 2025,"September 6- 7, 2025","Keansburg, NJ",2025-09-06,2025-09-07
BELGIAN BEER WEEKEND 2025,"September 5- 7, 2025","Brussels, Belgium",2025-09-05,2025-09-07
BIG BLUES BENDER 2025,"September 4- 7, 2025","Las Vegas, NV",2025-09-04,2025-09-07
BLACK SWAMP ARTS FESTIVAL 2025,"September 5- 7, 2025","Bowling Green, OH",2025-09-05,2025-09-07
DANCEFESTOPIA 2025,"September 1- 7, 2025","La Cygne, KS",2025-09-01,2025-09-07
DECIBEL OPEN AIR 2025,"September 6- 7, 2025","Florence, Italy",2025-09-06,2025-09-07
EBROVISION 2025,"September 4- 7, 2025","Miranda de Ebro, Spain",2025-09-04,2025-09-07
EVANSTON FOLK FESTIVAL 2025,"September 6- 7, 2025","Evanston, IL",2025-09-06,2025-09-07
EVOLUTIONS FESTIVAL 2025,"September 5- 7, 2025","Caneadea, NY",2025-09-05,2025-09-07
NEON PRAIRIE 2025,"September 6- 7, 2025","Tulsa, OK",2025-09-06,2025-09-07
RADIO 2 IN THE PARK 2025,"September 5- 7, 2025","Chelmsford, UK",2025-09-05,2025-09-07
SACRED ACRE FESTIVAL 2025,"September 5- 7, 2025","Ninilchik, AK",2025-09-05,2025-09-07
THE MIRACLE IN MUNDELEIN 2025,"September 6- 7, 2025","Mundelein, IL",2025-09-06,2025-09-07
UNISON 2025,"September 4- 7, 2025","Aztec, NM",2025-09-04,2025-09-07
WHEATLAND MUSIC FESTIVAL 2025,"September 5- 7, 2025","Remus, Michigan",2025-09-05,2025-09-07
AMERICANAFEST 2025,"September 9- 13, 2025","Nashville, TN",2025-09-09,2025-09-13
BEND OF THE RIVER 2025,"September 13,  2025","Mankato, MN",2025-09-13,2025-09-13
BENDER JAMBOREE 2025,"September 10- 13, 2025","Las Vegas, NV",2025-09-10,2025-09-13
BORN AND RAISED FESTIVAL 2025,"September 10- 13, 2025","Pyror, OK",2025-09-10,2025-09-13
BY:LARM 2025,"September 11- 13, 2025","Oslo, Norway",2025-09-11,2025-09-13
CALIFORNIA BREWERS FESTIVAL 2025,"September 13,  2025","Sacramento, CA",2025-09-13,2025-09-13
ELMHURST CRAFT BEER FEST 2025,"September 13,  2025","Elmhurst, IL",2025-09-13,2025-09-13
ENVOL ET MACADAM FESTIVAL 2025,"September 11- 13, 2025","Quebec City, QC",2025-09-11,2025-09-13
GOLDRUSH FEST 2025,"September 12- 13, 2025","Chandler, AZ",2025-09-12,2025-09-13
MUCKY WEEKENDER FESTIVAL 2025,"September 11- 13, 2025","Winchester, UK",2025-09-11,2025-09-13
PLISSKEN FESTIVAL 2025,"September 12- 13, 2025","Athens, Greece",2025-09-12,2025-09-13
SUNANDBASS 2025,"September 6- 13, 2025","Sardinia, Italy",2025-09-06,2025-09-13
WATERWORKS FESTIVAL 2025,"September 13,  2025","London, UK",2025-09-13,2025-09-13
YELLOWSTONE SONGWRITER FESTIVAL 2025,Cancelled,"Cody, WY",Cancelled,Cancelled
ANNAPOLIS SONGWRITERS FESTIVAL 2025,"September 11- 14, 2025","Annapolis, MD",2025-09-11,2025-09-14
BEAR MUSIC FESTIVAL 2025,"September 11- 14, 2025","Pinecrest, CA",2025-09-11,2025-09-14
BORDERLAND FESTIVAL 2025,"September 12- 14, 2025","East Aurora, NY",2025-09-12,2025-09-14
BOURBON & BEYOND 2025,"September 11- 14, 2025","Louisville, KY",2025-09-11,2025-09-14
BRECKENRIDGE OKTOBERFEST 2025,"September 12- 14, 2025","Breckenridge, CO",2025-09-12,2025-09-14
BRUGES BEER FESTIVAL 2025,"September 13- 14, 2025","Bruges, Belgium",2025-09-13,2025-09-14
CITYFOLK FESTIVAL 2025,"September 10- 14, 2025","Ottawa, ON",2025-09-10,2025-09-14
FLY OPEN AIR FEST 2025,"September 13- 14, 2025","Edinburgh, Scotland",2025-09-13,2025-09-14
FOUR CHORD MUSIC FEST 2025,"September 13- 14, 2025","Pittsburgh, PA",2025-09-13,2025-09-14
HARVEST FESTIVAL 2025,"September 9- 14, 2025","Fredericton, NB",2025-09-09,2025-09-14
HORSESHOE MUSIC FESTIVAL 2025,"September 11- 14, 2025","Jackson, WY",2025-09-11,2025-09-14
INFRASOUND EQUINOX 2025,"September 11- 14, 2025","Clarks Grove, MN",2025-09-11,2025-09-14
KNWHERE FESTIVAL 2025,"September 12- 14, 2025","Eganville, ON",2025-09-12,2025-09-14
LA FETE DE L’HUMANITIE 2025,"September 12- 14, 2025","Le Plessis-Pâté, France",2025-09-12,2025-09-14
MCHENRY MUSIC FESTIVAL 2025,"September 12- 14, 2025","McHenry, IL",2025-09-12,2025-09-14
MUSIC AT THE INTERSECTION 2025,"September 12- 14, 2025","St. Louis, MO",2025-09-12,2025-09-14
NOCTURNAL WONDERLAND 2025,"September 13- 14, 2025","San Bernardino, CA",2025-09-13,2025-09-14
PICKIN’ IN THE PINES 2025,"September 12- 14, 2025","Flagstaff, AZ",2025-09-12,2025-09-14
PSYCHIC SALAMANDER FESTIVAL 2025,"September 13- 14, 2025","Carnation, WA",2025-09-13,2025-09-14
RIFFLANDIA 2025,"September 11- 14, 2025","Victoria, BC",2025-09-11,2025-09-14
SEA.HEAR.NOW FESTIVAL 2025,"September 13- 14, 2025","Asbury Park, NJ",2025-09-13,2025-09-14
SOMMO FESTIVAL 2025,"September 13- 14, 2025","Cavendish, PEI",2025-09-13,2025-09-14
SOUND & GRAVITY 2025,"September 10- 14, 2025","Chicago, IL",2025-09-10,2025-09-14
TELLURIDE BLUES AND BREWS 2025,"September 12- 14, 2025","Telluride, CO",2025-09-12,2025-09-14
THE BEST DAY EVER FEST 2025,"September 13- 14, 2025","Portland, OR",2025-09-13,2025-09-14
THE TOWN FESTIVAL 2025,"September 6- 14, 2025","São Paulo, Brazil",2025-09-06,2025-09-14
ULTRA JAPAN 2025,"September 13- 14, 2025","Tokyo, Japan",2025-09-13,2025-09-14
VOODOO VILLAGE 2025,"September 13- 14, 2025","Grimbergen, Belgium",2025-09-13,2025-09-14
WEEDSTOCK 2025,"September 12- 14, 2025","Townsend, Delaware",2025-09-12,2025-09-14
FARM AID 2025,"September 20,  2025","Minneapolis, MN",2025-09-20,2025-09-20
HEALING APPALACHIA 2025,"September 19- 20, 2025","Lewisburg, WV",2025-09-19,2025-09-20
IHEARTRADIO FESTIVAL 2025,"September 19- 20, 2025","Las Vegas, NV",2025-09-19,2025-09-20
INTO THE WOODS FESTIVAL 2025,"September 19- 20, 2025","Amersfoort, Netherlands",2025-09-19,2025-09-20
NEW ENGLAND METAL & HARDCORE FEST 2025,"September 20,  2025","Worcester, MA",2025-09-20,2025-09-20
PYGMALION MUSIC FESTIVAL 2025,"September 18- 20, 2025","Champaign, IL",2025-09-18,2025-09-20
REEPERBAHN FESTIVAL 2025,"September 17- 20, 2025","Hamburg, Germany",2025-09-17,2025-09-20
SMALLTOWN FOR THE CAUSE 2025,"September 19- 20, 2025","Salida, CO",2025-09-19,2025-09-20
SUNICE FESTIVAL 2025,"September 18- 20, 2025","Lido Ascona, Switzerland",2025-09-18,2025-09-20
ANNAPOLIS BAYGRASS FESTIVAL 2025,"September 20- 21, 2025","Annapolis, MD",2025-09-20,2025-09-21
AUDRA FESTIVAL 2025,"September 18- 21, 2025","Kaunas, Lithuania",2025-09-18,2025-09-21
BEONIX 2025,"September 19- 21, 2025","Larnaca, Cyprus",2025-09-19,2025-09-21
BRISTOL RHYTHM AND ROOTS 2025,"September 19- 21, 2025","Bristol, TN/VA",2025-09-19,2025-09-21
CAMP DEEP END 2025,"September 19- 21, 2025","Navarro, CA",2025-09-19,2025-09-21
CAPRICES FESTIVAL GSTAAD 2025,"September 19- 21, 2025","Gstaad, Switzerland",2025-09-19,2025-09-21
CASCADE EQUINOX FESTIVAL 2025,"September 19- 21, 2025","Redmond, OR",2025-09-19,2025-09-21
COSMIC VOID FESTIVAL 2025,"September 19- 21, 2025","London, UK",2025-09-19,2025-09-21
EXPERTS ONLY FESTIVAL 2025,"September 20- 21, 2025","New York, NY",2025-09-20,2025-09-21
FRANKENMUTH OKTOBERFEST 2025,"September 18- 21, 2025","Frankenmuth, MI",2025-09-18,2025-09-21
FRESHGRASS FESTIVAL 2025,"September 19- 21, 2025","North Adams, MA",2025-09-19,2025-09-21
HOWTHELIGHTGETSIN LONDON 2025,"September 20- 21, 2025","London, UK",2025-09-20,2025-09-21
IRON BLOSSOM 2025,"September 20- 21, 2025","Richmond, VA",2025-09-20,2025-09-21
LOST LANDS 2025,"September 19- 21, 2025","Thornville, OH",2025-09-19,2025-09-21
LOUDER THAN LIFE FESTIVAL 2025,"September 18- 21, 2025","Louisville, KY",2025-09-18,2025-09-21
MAKING TIME FESTIVAL 2025,"September 19- 21, 2025","Philadelphia, PA",2025-09-19,2025-09-21
PORTOLA FESTIVAL 2025,"September 20- 21, 2025","San Francisco, CA",2025-09-20,2025-09-21
RIOT FEST CHICAGO 2025,"September 19- 21, 2025","Chicago, IL",2025-09-19,2025-09-21
SHAKY KNEES FESTIVAL 2025,"September 19- 21, 2025","Atlanta, GA",2025-09-19,2025-09-21
SING OUT LOUD 2025,"September 20- 21, 2025","St Augustine, FL",2025-09-20,2025-09-21
SUPER GIRL SURF PRO 2025,"September 19- 21, 2025","Oceanside, CA",2025-09-19,2025-09-21
WOODSIST FESTIVAL 2025,"September 20- 21, 2025","Accord, NY",2025-09-20,2025-09-21
XPONENTIAL FESTIVAL 2025,"September 19- 21, 2025","Camden, NJ",2025-09-19,2025-09-21
BOUNDARY BRIGHTON 2025,"September 27,  2025","Brighton, UK",2025-09-27,2025-09-27
BREAKAWAY FESTIVAL CAROLINA 2025,"September 26- 27, 2025","Charlotte, NC",2025-09-26,2025-09-27
BREAKAWAY FESTIVAL PHILADELPHIA 2025,"September 26- 27, 2025","Philadelphia, PA",2025-09-26,2025-09-27
CBGB FESTIVAL 2025,"September 27,  2025","Brooklyn, NY",2025-09-27,2025-09-27
DREAM NATION 2025,"September 26- 27, 2025","Paris, France",2025-09-26,2025-09-27
FIRST CITY MUSIC FESTIVAL 2025,"September 25- 27, 2025","Vincennes, IN",2025-09-25,2025-09-27
FLOAT ALONG FESTIVAL 2025,"September 27,  2025","Sheffield, UK",2025-09-27,2025-09-27
LEGACY CUP 2025,"September 27,  2025","Minneapolis, MN",2025-09-27,2025-09-27
SUPREMACY 2025,"September 27,  2025","Arnhem, Netherlands",2025-09-27,2025-09-27
ALL THINGS GO FESTIVAL 2025,"September 26- 28, 2025","Columbia, MD",2025-09-26,2025-09-28
ALL THINGS GO FESTIVAL NYC 2025,"September 26- 28, 2025","New York, NY",2025-09-26,2025-09-28
BIG FAM FESTIVAL 2025,"September 26- 28, 2025","Brooklyn, MI",2025-09-26,2025-09-28
COLD WAVES 2025,"September 24- 28, 2025","Chicago, IL",2025-09-24,2025-09-28
CRSSD FESTIVAL FALL 2025,"September 27- 28, 2025","San Diego, CA",2025-09-27,2025-09-28
DAS BESTE OKTOBERFEST USA 2025,"September 25- 28, 2025","La Crosse, WI",2025-09-25,2025-09-28
DENVER OKTOBERFEST 2025,"September 19- 28, 2025","Denver, CO",2025-09-19,2025-09-28
EVOLUTION FESTIVAL 2025,"September 27- 28, 2025","St. Louis, Missouri",2025-09-27,2025-09-28
GLOBAL CITIZEN FESTIVAL 2025,"September 28,  2025","New York City, NY",2025-09-28,2025-09-28
HOLO HOLO SACRAMENTO 2025,"September 27- 28, 2025","Sacramento, CA",2025-09-27,2025-09-28
LEVITATION 2025,"September 25- 28, 2025","Austin, TX",2025-09-25,2025-09-28
MONTEREY JAZZ FESTIVAL 2025,"September 26- 28, 2025","Monterey, CA",2025-09-26,2025-09-28
OCEANS CALLING FESTIVAL 2025,"September 26- 28, 2025","Ocean City, MD",2025-09-26,2025-09-28
OHANA FESTIVAL 2025,"September 26- 28, 2025","Dana Point, CA",2025-09-26,2025-09-28
PILGRIMAGE MUSIC FESTIVAL 2025,"September 27- 28, 2025","Franklin, TN",2025-09-27,2025-09-28
POP MONTREAL 2025,"September 24- 28, 2025","Montreal, QC",2025-09-24,2025-09-28
ROCK THE LOCKS 2025,"September 26- 28, 2025","Umatilla, OR",2025-09-26,2025-09-28
SAME SAME BUT DIFFERENT 2025,"September 26- 28, 2025","Perris, CA",2025-09-26,2025-09-28
SISTERS FOLK FESTIVAL 2025,"September 26- 28, 2025","Sisters, OR",2025-09-26,2025-09-28
SOUNDSIDE FESTIVAL 2025,"September 27- 28, 2025","Bridgeport, CT",2025-09-27,2025-09-28
FULL METAL CRUISE 2025,"September 20- 30, 2025","Kiel, Germany",2025-09-20,2025-09-30
3 SISTERS BLUEGRASS FESTIVAL 2025,"October 3- 4, 2025","Chattanooga, TN",2025-10-03,2025-10-04
BIG MUDDY MONSTER BREW FEST 2025,"October 4,  2025","Murphysboro, IL",2025-10-04,2025-10-04
BREAKAWAY ALABAMA 2025,"October 3- 4, 2025","Huntsville, AL",2025-10-03,2025-10-04
FETE DU VOID 2025,"October 2- 4, 2025","Oakdale, LA",2025-10-02,2025-10-04
KARLSRUHE OKTOBERFEST 2025,"September 27- October 4, 2025","Messplatz, Karlsruhe",2025-09-27,2025-10-04
LIVINGSTON SONGWRITER FESTIVAL 2025,"October 2- 4, 2025","Livingston, MT",2025-10-02,2025-10-04
OFF BEAT MUSIC FESTIVAL 2025,"October 2- 4, 2025","Reno, NV",2025-10-02,2025-10-04
SOUTHERN STRINGS FEST 2025,"October 3- 4, 2025","Aiken, SC",2025-10-03,2025-10-04
SUBMERSION FESTIVAL 2025,"October 3- 4, 2025","Hammonton, NJ",2025-10-03,2025-10-04
SYMMETRY FESTIVAL 2025,"October 3- 4, 2025","Fairfield, IA",2025-10-03,2025-10-04
SYNDICATE FESTIVAL 2025,"October 4,  2025","Dortmund, Germany",2025-10-04,2025-10-04
WAKAAN MUSIC FESTIVAL 2025,"October 2- 4, 2025","Ozark, AR",2025-10-02,2025-10-04
WAVES VIENNA 2025,"October 2- 4, 2025","Vienna, Austria",2025-10-02,2025-10-04
AFTERSHOCK FESTIVAL 2025,"October 2- 5, 2025","Sacramento, CA",2025-10-02,2025-10-05
COUNTRY CALLING 2025,"October 3- 5, 2025","Ocean City, MD",2025-10-03,2025-10-05
DEFECTED MALTA 2025,"October 3- 5, 2025","Attard, Malta",2025-10-03,2025-10-05
FIELD AND STREAM MUSIC FEST 2025,"October 3- 5, 2025","Winnsboro, SC",2025-10-03,2025-10-05
FURNACE FEST 2025,"October 3- 5, 2025","Birmingham, AL",2025-10-03,2025-10-05
HARDLY STRICTLY BLUEGRASS 2025,"October 3- 5, 2025","San Francisco, CA",2025-10-03,2025-10-05
MEMPHO FEST 2025,"October 3- 5, 2025","Memphis, TN",2025-10-03,2025-10-05
MOGA FESTIVAL 2025,"October 1- 5, 2025","Essaouira, Morocco",2025-10-01,2025-10-05
MOON CRUSH: AN AVETT MOON 2025,"October 3- 5, 2025","Miramar Beach, FL",2025-10-03,2025-10-05
NASHVILLE OKTOBERFEST 2025,"October 2- 5, 2025","Nashville, TN",2025-10-02,2025-10-05
OKTOBERFEST MUNICH 2025,"September 20- October 5, 2025","Munich, Bavaria",2025-09-20,2025-10-05
OUT.FEST 2025,"October 2- 5, 2025","Barreiro, Portugal",2025-10-02,2025-10-05
REGGAE RISE UP VEGAS 2025,"October 3- 5, 2025","Las Vegas, NV",2025-10-03,2025-10-05
DRAGON DREAMING 2025,"October 3- 6, 2025","Wee Jasper, Australia",2025-10-03,2025-10-06
BLACKLIST FESTIVAL 2025,"October 11,  2025","Oberhausen, Germany",2025-10-11,2025-10-11
FESTIVAL VAIVEN 2025,"October 11,  2025","Morelos, Mexico",2025-10-11,2025-10-11
GREAT AMERICAN BEER FESTIVAL 2025,"October 9- 11, 2025","Denver, CO",2025-10-09,2025-10-11
PEACEMAKER FESTIVAL 2025,"October 10- 11, 2025","Fort Smith, AR",2025-10-10,2025-10-11
RIVERFRONT REVIVAL 2025,"October 10- 11, 2025","Charleston, SC",2025-10-10,2025-10-11
SNALLYGASTER 2025,"October 11,  2025","Washington, D.C.",2025-10-11,2025-10-11
TIME WARP SPAIN 2025,"October 10- 11, 2025","Madrid, Spain",2025-10-10,2025-10-11
TWISTERELLA FESTIVAL 2025,"October 11,  2025","Middlesbrough, UK",2025-10-11,2025-10-11
AUSTIN CITY LIMITS 2025,"October 3- 12, 2025","Austin, TX",2025-10-03,2025-10-12
BELLINGHAM EXIT 2025,"October 9- 12, 2025","Bellingham, WA",2025-10-09,2025-10-12
BEST FRIENDS FOREVER 2025,"October 10- 12, 2025","Las Vegas, NV",2025-10-10,2025-10-12
BLUE HIGHWAY FEST 2025,"October 8- 12, 2025","Big Stone Gap, VA",2025-10-08,2025-10-12
BREAKAWAY NORCAL 2025,"October 11- 12, 2025","Sacramento, CA",2025-10-11,2025-10-12
CAVEFEST 2025,"October 11- 12, 2025","Pelhman, TN",2025-10-11,2025-10-12
CREAMFIELDS CHILE 2025,"October 11- 12, 2025","Santiago, Chile",2025-10-11,2025-10-12
FALL FOR GREENVILLE 2025,"October 10- 12, 2025","Greenville, SC",2025-10-10,2025-10-12
HILLBERRY 2025,"October 8- 12, 2025","Eureka Springs, AR",2025-10-08,2025-10-12
IRON HILLS COUNTRY FEST 2025,"October 11- 12, 2025","Birmingham, AL",2025-10-11,2025-10-12
JOSHUA TREE FESTIVAL FALL 2025,"October 9- 12, 2025","Joshua Tree, CA",2025-10-09,2025-10-12
MOONSHINER’S BALL 2025,"October 9- 12, 2025","Livingston, KY",2025-10-09,2025-10-12
NITEHARTS 2025,"October 11- 12, 2025","San Diego, CA",2025-10-11,2025-10-12
NO BOUNDS FESTIVAL 2025,"October 10- 12, 2025","Sheffield, UK",2025-10-10,2025-10-12
OKTOBERFEST FRANKFURT 2025,"September 18- October 12, 2025","Frankfurt, Germany",2025-09-18,2025-10-12
OKTOBERFEST HANNOVER 2025,"September 26- October 12, 2025","Hannover, Germany",2025-09-26,2025-10-12
REDWEST FESTIVAL 2025,"October 10- 12, 2025","Salt Lake City, UT",2025-10-10,2025-10-12
SAVANNAH IN THE ROUND 2025,"October 9- 12, 2025","Mareeba, Australia",2025-10-09,2025-10-12
SHOALSFEST 2025,"October 11- 12, 2025","Florence, AL",2025-10-11,2025-10-12
SUWANNEE ROOTS REVIVAL 2025,"October 9- 12, 2025","Live Oak, FL",2025-10-09,2025-10-12
THE RAMBLE FESTIVAL 2025,"October 10- 12, 2025","Darlington, MD",2025-10-10,2025-10-12
TOMORROWLAND BRASIL 2025,"October 10- 12, 2025","Sao Paulo, Brazil",2025-10-10,2025-10-12
UNSOUND FESTIVAL 2025,"October 7- 12, 2025","Kraków, Poland",2025-10-07,2025-10-12
VALLEY OF THE SEVEN STARS 2025,"October 10- 12, 2025","Arrington, VA",2025-10-10,2025-10-12
OFF THE GRID CAMPOUT SOCAL 2025,"October 9- 13, 2025","Apple Valley, CA",2025-10-09,2025-10-13
BOOTS IN THE PARK TUCSON 2025,"October 18,  2025","Tucson, AZ",2025-10-18,2025-10-18
COOPER-YOUNG BEERFEST 2025,"October 18,  2025","Memphis, TN",2025-10-18,2025-10-18
III POINTS 2025,"October 17- 18, 2025","Miami, FL",2025-10-17,2025-10-18
KITCHENER WATERLOO OKTOBERFEST 2025,"September 26- October 18, 2025","Kitchener, ON",2025-09-26,2025-10-18
MAGIC CITY FLOW FEST 2025,"October 18,  2025","Birmingham, AL",2025-10-18,2025-10-18
NDK FESTIVAL 2025,"October 8- 18, 2025","Caen, France",2025-10-08,2025-10-18
OKTOBERFEST MANNHEIM 2025,"October 17- 18, 2025","Mannheim, Germany",2025-10-17,2025-10-18
SAN ANTONIO BEER FESTIVAL 2025,"October 18,  2025","San Antonio, TX",2025-10-18,2025-10-18
SWN FESTIVAL 2025,"October 16- 18, 2025","Cardiff, UK",2025-10-16,2025-10-18
DESERTFEST ANTWERP 2025,"October 17- 19, 2025","Antwerp, Belgium",2025-10-17,2025-10-19
MISSION BAYFEST 2025,"October 17- 19, 2025","San Diego, CA",2025-10-17,2025-10-19
PHILLY MUSIC FEST 2025,"October 13- 19, 2025","Philadelphia, PA",2025-10-13,2025-10-19
SXSW SYDNEY 2025,"October 13- 19, 2025","Sydney, Australia",2025-10-13,2025-10-19
THE AMERICAN GERMAN CLUB OKTOBERFEST 2025,"October 10- 19, 2025","Lake Worth, FL",2025-10-10,2025-10-19
WHEN WE WERE YOUNG FESTIVAL 2025,"October 18- 19, 2025","Las Vegas, NV",2025-10-18,2025-10-19
ASTRONOX 2025,"October 16- 20, 2025","Austin, TX",2025-10-16,2025-10-20
EARTH FREQUENCY FESTIVAL 2025,"October 17- 20, 2025","Peak Crossing, Australia",2025-10-17,2025-10-20
STRAWBERRY MUSIC FESTIVAL FALL 2025,"October 16- 20, 2025","Grass Valley, CA",2025-10-16,2025-10-20
AMF 2025,"October 25,  2025","Amsterdam, Netherlands",2025-10-25,2025-10-25
CHARLESTON BEER FESTIVAL 2025,"October 25,  2025","Charleston, SC",2025-10-25,2025-10-25
DOWNTOWN BREW FESTIVAL 2025,"October 25,  2025","Las Vegas, NV",2025-10-25,2025-10-25
GREENVILLE COUNTRY MUSIC FEST 2025,"October 24- 25, 2025","Greenville, SC",2025-10-24,2025-10-25
INTO THE WOODS ADE FESTIVAL 2025,"October 24- 25, 2025","Amsterdam, Netherlands",2025-10-24,2025-10-25
OKTOBERFEST OSLO 2025,"September 9- October 25, 2025","Oslo, Norway",2025-09-09,2025-10-25
PULSO GNP 2025,"October 25,  2025","Querétaro, Mexico",2025-10-25,2025-10-25
RIDIN’ HEARTS FESTIVAL SYDNEY 2025,"October 25,  2025","Sydney, Australia",2025-10-25,2025-10-25
AMSTERDAM DANCE EVENT 2025,"October 22- 26, 2025","Amsterdam, Netherlands",2025-10-22,2025-10-26
BLACK DEER IN THE CITY 2025,"October 25- 26, 2025","London, UK",2025-10-25,2025-10-26
CTC FESTIVAL 2025,"October 25- 26, 2025","Cape Town, South Africa",2025-10-25,2025-10-26
ONE MUSICFEST 2025,"October 25- 26, 2025","Atlanta, GA",2025-10-25,2025-10-26
RIDIN’ HEARTS FESTIVAL MELBOURNE 2025,"October 26,  2025","Melbourne, Austrialia",2025-10-26,2025-10-26
THE FEST 2025,"October 24- 26, 2025","Gainsville, FL",2025-10-24,2025-10-26
WICKED OAKS FESTIVAL 2025,"October 25- 26, 2025","Austin, TX",2025-10-25,2025-10-26
YOUR PARADISE FIJI 2025,"October 22- 27, 2025","Mamanucas, Fiji",2025-10-22,2025-10-27
BIME LIVE FESTIVAL 2025,"October 28- 31, 2025","Bilbao, Spain",2025-10-28,2025-10-31
HAUNTED FEST COLUMBUS 2025,"October 31,  2025","Columbus, OH",2025-10-31,2025-10-31
ROCK THE BELLS CRUISE 2025,"October 27- 31, 2025",Miami &amp  Bahamas,2025-10-27,2025-10-31
BOO! SEATTLE 2025,"October 31- November 1, 2025","Seattle, WA",2025-10-31,2025-11-01
ESCAPE HALLOWEEN 2025,"October 31- November 1, 2025","San Bernardino, CA",2025-10-31,2025-11-01
SANCTUM FESTIVAL 2025,"October 31- November 1, 2025","Chicago, IL",2025-10-31,2025-11-01
CLUB TO CLUB (C2C) FESTIVAL 2025,"October 30- November 2, 2025","Torino, Italy",2025-10-30,2025-11-02
RITVALES FESTIVAL 2025,"November 1- 2, 2025","Medellín, Colombia",2025-11-01,2025-11-02
SUWANNEE HULAWEEN 2025,"October 30- November 2, 2025","Live Oak, FL",2025-10-30,2025-11-02
INTERSTELLAR GROOVE 2025,"October 30- November 3, 2025","Whroo, Australia",2025-10-30,2025-11-03
MEDITERRANEA METAL CRUISE 2025,"October 31- November 3, 2025","Mykonos, Greece",2025-10-31,2025-11-03
HEADBANGERS BOAT 2025,"October 31- November 4, 2025","Miami &amp; Cozumel, MX",2025-10-31,2025-11-04
EDSEA 2025,"November 1- 6, 2025","Miami &amp; Harvest Caye, Belize",2025-11-01,2025-11-06
SEMA FEST 2025,"November 7,  2025","Las Vegas, NV",2025-11-07,2025-11-07
BILLIE’S CRAFT BEER FEST 2025,"November 8,  2025","Antwerp, Belgium",2025-11-08,2025-11-08
DUNEDIN CRAFT BEER FESTIVAL 2025,"November 7- 8, 2025","Dunedin, NZ",2025-11-07,2025-11-08
FESTIVAL OF WOOD AND BARREL-AGED BEER 2025,"November 7- 8, 2025","Chicago, IL",2025-11-07,2025-11-08
FUTURE RUINS 2025,"November 8,  2025","Los Angeles, CA",2025-11-08,2025-11-08
HOUSE OF METAL 2025,"November 7- 8, 2025","Umea, Sweden",2025-11-07,2025-11-08
ICELAND AIRWAVES 2025,"November 6- 8, 2025","Reykjavik, Iceland",2025-11-06,2025-11-08
MIRA FESTIVAL 2025,"November 7- 8, 2025","Barcelona, Spain",2025-11-07,2025-11-08
OKTOBERFEST LEIPZIG 2025,"October 10- November 8, 2025","Leipzig, Germany",2025-10-10,2025-11-08
ORLANDO BEER FESTIVAL 2025,"November 8,  2025","Orlando, FL",2025-11-08,2025-11-08
PITCHFORK LONDON 2025,"November 4- 8, 2025","London, UK",2025-11-04,2025-11-08
SOULSHINE AT SEA 2025,"November 4- 8, 2025","Miami &amp; Cozumel, Mexico",2025-11-04,2025-11-08
TIME WARP FALL 2025,"November 7- 8, 2025","Mannheim, Germany",2025-11-07,2025-11-08
AIRLIE BEACH MUSIC FESTIVAL 2025,"November 7- 9, 2025","Queensland, Australia",2025-11-07,2025-11-09
BEYOND EXISTENCE 2025,"November 7- 9, 2025","Austin, TX",2025-11-07,2025-11-09
DAMNATION 2025,"November 8- 9, 2025","Manchester, UK",2025-11-08,2025-11-09
EDC ORLANDO 2025,"November 7- 9, 2025","Orlando, FL",2025-11-07,2025-11-09
FREAKOUT FESTIVAL 2025,"November 6- 9, 2025","Seattle, WA",2025-11-06,2025-11-09
HARD ROCK HELL 2025,"November 6- 9, 2025","Great Yarmouth, UK",2025-11-06,2025-11-09
HOLO HOLO TACOMA 2025,"November 8- 9, 2025","Tacoma, WA",2025-11-08,2025-11-09
LE GUESS WHO? 2025,"November 6- 9, 2025","Utrecht, Netherlands",2025-11-06,2025-11-09
MOON CRUSH WHISKEY MOON 2025,"November 7- 9, 2025","Miramar Beach, FL",2025-11-07,2025-11-09
PITCHFORK PARIS 2025,"November 3- 9, 2025","Paris, France",2025-11-03,2025-11-09
SONIC CITY 2025,"November 7- 9, 2025","Kortrijk, Belgium",2025-11-07,2025-11-09
THE HONDO RODEO FEST 2025,"November 7- 9, 2025","Phoenix, AZ",2025-11-07,2025-11-09
ALL BACK TO MINEHEAD 2025,"November 7- 10, 2025","Minehead, UK",2025-11-07,2025-11-10
HOME BASS 2025,"November 6- 10, 2025","Orlando, FL",2025-11-06,2025-11-10
MAYDAY FESTIVAL POLAND 2025,"November 10,  2025","Katowice, Poland",2025-11-10,2025-11-10
S.S. NEVERENDER 2025,"November 8- 13, 2025","Miami &amp; Cozumel, Mexico",2025-11-08,2025-11-13
IMAGINATION FESTIVAL 2025,"November 14,  2025","Prague, Czech",2025-11-14,2025-11-14
HELLDORADO 2025,"November 15,  2025","Eindhoven, Netherlands",2025-11-15,2025-11-15
LIVE AT LEEDS IN THE CITY 2025,"November 15,  2025","Leeds, UK",2025-11-15,2025-11-15
MOON CRUSH ODIES BEACH VACATION 2025,"November 13- 15, 2025","Miramar Beach, FL",2025-11-13,2025-11-15
MOUNTAIN WEST BEER FEST 2025,"November 15,  2025","Rapid City, SD",2025-11-15,2025-11-15
SUNSHINE HOOTENANNY FESTIVAL 2025,"November 13- 15, 2025","Brooksville, FL",2025-11-13,2025-11-15
TEXAS CRAFT BREWERS FESTIVAL 2025,"November 15,  2025","Austin, TX",2025-11-15,2025-11-15
CAMP FLOG GNAW CARNIVAL 2025,"November 15- 16, 2025","Los Angeles, CA",2025-11-15,2025-11-16
CORONA CAPITAL 2025,"November 14- 16, 2025","Mexico City, Mexico",2025-11-14,2025-11-16
DUSK FESTIVAL 2025,"November 15- 16, 2025","Tucson, AZ",2025-11-15,2025-11-16
ROLLING LOUD THAILAND 2025,"November 14- 16, 2025","Pattaya City, Thailand",2025-11-14,2025-11-16
SEISMIC DANCE EVENT 2025,"November 14- 16, 2025","Austin, TX",2025-11-14,2025-11-16
WARPED TOUR ORLANDO 2025,"November 15- 16, 2025","Orlando, FL",2025-11-15,2025-11-16
ZEN AWAKENING 2025,"November 13- 16, 2025","Lake Wales, FL",2025-11-13,2025-11-16
DREAMSTATE SOCAL 2025,"November 21- 22, 2025","Long Beach, CA",2025-11-21,2025-11-22
HARBOURLIFE 2025,"November 22,  2025","Sydney, Australia",2025-11-22,2025-11-22
M FOR MONTREAL 2025,"November 19- 22, 2025","Montreal, QC",2025-11-19,2025-11-22
REVOLUTION CALLING 2025,"November 22,  2025","Eindhoven, Netherlands",2025-11-22,2025-11-22
ROLLING STONE BEACH 2025,"November 21- 22, 2025","Weissenhäuser Strand, Germany",2025-11-21,2025-11-22
BETTER TOGETHER 2025,"November 22- 23, 2025","Phoenix, AZ",2025-11-22,2025-11-23
LONDON JAZZ FESTIVAL 2025,"November 14- 23, 2025","London, UK",2025-11-14,2025-11-23
STRAWBERRY FIELDS 2025,"November 21- 23, 2025","Tocumwal, Australia",2025-11-21,2025-11-23
APOCALYPSE 2025,"November 28- 29, 2025","Long Beach, CA",2025-11-28,2025-11-29
FAIRGROUND FESTIVAL 2025,"November 29,  2025","Hanover, Germany",2025-11-29,2025-11-29
METAL HAMMER PARADISE 2025,"November 28- 29, 2025","Schleswig-Holstein, Germany",2025-11-28,2025-11-29
JOYLAND 2025,"November 28- 30, 2025","Senayan, Jakarta",2025-11-28,2025-11-30
PLAGE NOIRE 2025,"November 29- 30, 2025","Holstein, Germany",2025-11-29,2025-11-30
QUEENSCLIFF MUSIC FESTIVAL 2025,"November 28- 30, 2025","Queenscliff, Australia",2025-11-28,2025-11-30
BERGFESTIVAL 2025,"December 5- 6, 2025","Saalbach-Hinterglemm, Austria",2025-12-05,2025-12-06
LET IT ROLL PUERTO RICO 2026,"December 5- 6, 2025","Bayamon, PR",2025-12-05,2025-12-06
METAL AND BEER FEST DENVER 2025,"December 5- 6, 2025","Denver, CO",2025-12-05,2025-12-06
ORANGE BLOSSOM REVUE 2025,"December 5- 6, 2025","Lake Wales, FL",2025-12-05,2025-12-06
TOXICATOR 2025,"December 6,  2025","Mannheim, Germany",2025-12-06,2025-12-06
808 FESTIVAL 2025,"December 5- 7, 2025","Bangkok, Thailand",2025-12-05,2025-12-07
CLOCKENFLAP 2025,"December 5- 7, 2025",Hong Kong,2025-12-05,2025-12-07
EMBER SHORES 2025,"December 5- 7, 2025","Cancun, Mexico",2025-12-05,2025-12-07
LES TRANS MUSICALES 2025,"December 3- 7, 2025","Rennes, France",2025-12-03,2025-12-07
MEREDITH MUSIC FESTIVAL 2025,"December 5- 7, 2025","Meredith, Australia",2025-12-05,2025-12-07
WILD HORSES 2025,"December 4- 7, 2025","Victoria, Australia",2025-12-04,2025-12-07
EINDHOVEN METAL MEETING 2025,"December 12- 13, 2025","Eindhoven, Netherlands",2025-12-12,2025-12-13
NUKRANOX 2025,"December 13,  2025","Salzburg, Austria",2025-12-13,2025-12-13
RISE FESTIVAL 2025,"December 6- 13, 2025","Les 2 Alpes, France",2025-12-06,2025-12-13
SOUNDSTORM 2025,"December 11- 13, 2025","Riyadh, Saudi Arabia",2025-12-11,2025-12-13
DJAKARTA WAREHOUSE PROJECT 2025,"December 12- 14, 2025","Bali, Indonesia",2025-12-12,2025-12-14
RAVE ON SNOW 2025,"December 12- 14, 2025","Saalbach Hinterglemm, Austria",2025-12-12,2025-12-14
SPILT MILK FESTIVAL 2025,"December 6- 14, 2025",Australia Tour,2025-12-06,2025-12-14
STRINGS & SOL 2025,"December 11- 15, 2025","Puerto Morelos, Mexico",2025-12-11,2025-12-15
WONDERFRUIT FESTIVAL 2025,"December 11- 15, 2025","Pattaya, Thailand",2025-12-11,2025-12-15
LIGHTS ALL NIGHT 2025,"December 30- 31, 2025","Dallas, TX",2025-12-30,2025-12-31
RHYTHM AND ALPS 2025,"December 30- 31, 2025","Wanaka, New Zealand",2025-12-30,2025-12-31
LOST PARADISE 2025,"December 28- January 1, 2026","Glenworth Valley, Australia",2026-12-28,2026-01-01
RHYTHM AND VINES 2025,"December 29- January 1, 2026","Gisborne, New Zealand",2026-12-29,2026-01-01
WOODFORD FOLK FESTIVAL 2025,"December 27- January 1, 2026","Woodford, Australia",2026-12-27,2026-01-01
THE MUSICFEST STEAMBOAT 2026,"January 5- 10, 2026","Steamboat Springs, CO",2026-01-05,2026-01-10
OUT OF THE BLUE FESTIVAL 2026,"January 8- 11, 2026","Cancun, Mexico",2026-01-08,2026-01-11
CLOSER TO THE SUN 2026,"January 10- 14, 2026","Puerto Aventuras, Mexico",2026-01-10,2026-01-14
COPPER STATE BEER FESTIVAL 2026,"January 17,  2026","Mesa, AZ",2026-01-17,2026-01-17
EUROSONIC NOORDERSLAG 2026,"January 14- 17, 2026","Groningen, Netherlands",2026-01-14,2026-01-17
CRASH MY PLAYA 2026,"January 15- 18, 2026","Cancun, Mexico",2026-01-15,2026-01-18
EDC THAILAND 2026,"January 16- 18, 2026","Phuket, Thailand",2026-01-16,2026-01-18
30A SONGWRITERS FESTIVAL 2026,"January 16- 19, 2026","Santa Rosa Beach, FL",2026-01-16,2026-01-19
WILCO’S SKY BLUE SKY FESTIVAL 2026,"January 15- 19, 2026","Puerto Aventuras, Mexico",2026-01-15,2026-01-19
FRIENDSHIP 2026,"January 18- 22, 2026","Miami &amp; Harvest Caye, Belize",2026-01-18,2026-01-22
SNOWATTACK 2026,"January 17- 24, 2026","Les Deux Alpes, France",2026-01-17,2026-01-24
BIG EASY CRUISE 2026,"January 18- 25, 2026","Ft. Lauderdale, Key West, &amp; Belize",2026-01-18,2026-01-25
TAMWORTH COUNTRY MUSIC FESTIVAL 2026,"January 16- 25, 2026","Tamworth, Australia",2026-01-16,2026-01-25
GROOVE CRUISE 2026,"January 22- 26, 2026","Miami, FL",2026-01-22,2026-01-26
MILE 0 FESTIVAL KEY WEST 2026,"January 27- 31, 2026","Key West, FL",2026-01-27,2026-01-31
SHIPROCKED 2026,"January 25- 31, 2026","Miami &amp; Nassau, Bahamas",2026-01-25,2026-01-31
SNEEUWBAL WINTER FESTIVAL 2026,"January 31,  2026","Utrecht, Netherlands",2026-01-31,2026-01-31
THE COUNTRY MUSIC CRUISE 2026,"January 25- February 1, 2026","Ft. Lauderdale, FL",2026-01-25,2026-02-01
70000 TONS OF METAL 2026,"January 29- February 2, 2026","Miami &amp; Nassau, Bahamas",2026-01-29,2026-02-02
HOSPITALITY WEEKENDER 2026,"January 30- February 2, 2026","Bognor Regis, UK",2026-01-30,2026-02-02
THE ROCK BOAT 2026,"January 29- February 5, 2026","Puerto Plata, Dominican Republic",2026-01-29,2026-02-05
ZMOGSALA BEERFEST 2026,"February 7,  2026","Vilnius, Lithuania",2026-02-07,2026-02-07
GEM AND JAM 2026,"February 6- 8, 2026","Tucson, AZ",2026-02-06,2026-02-08
GRAUZONE FESTIVAL 2026,"February 6- 8, 2026","The Hague, Netherlands",2026-02-06,2026-02-08
PARTY IN THE PADDOCK 2026,"February 5- 8, 2026","Tasmania, Australia",2026-02-05,2026-02-08
UP THE CREEK 2026,"February 5- 8, 2026","Cape Town, South Africa",2026-02-05,2026-02-08
JAM CRUISE 2026,"February 7- 12, 2026","Miami, Belize, and Cozumel, Mexico",2026-02-07,2026-02-12
BAHIDORÁ FESTIVAL 2026,"February 13- 15, 2026","Morelos, Mexico",2026-02-13,2026-02-15
COSQUIN ROCK 2026,"February 14- 15, 2026","Cordoba, Argentina",2026-02-14,2026-02-15
KARNAVAL FESTIVAL 2026,"February 14- 15, 2026","Tilburg, Netherlands",2026-02-14,2026-02-15
MIDWINTER BLUEGRASS FESTIVAL 2026,"February 13- 15, 2026","Northglenn, CO",2026-02-13,2026-02-15
ULTRA BUENOS AIRES 2026,"February 14- 15, 2026","Buenos Aires, Argentina",2026-02-14,2026-02-15
LET IT ROLL WINTER 2026,"February 20- 21, 2026","Prague, Czech",2026-02-20,2026-02-21
WINTERGRASS FESTIVAL 2026,"February 19- 22, 2026","Bellevue, WA",2026-02-19,2026-02-22
EMO’S NOT DEAD 2026,"January 22- February 26, 2026","Nassau, Bahamas",2026-01-22,2026-02-26
ELECTRIC AVENUE FESTIVAL 2026,"February 27- 28, 2026","Christchurch, New Zealand",2026-02-27,2026-02-28
LDB FEST 2026,"February 27- 28, 2026","Jefferson, KY",2026-02-27,2026-02-28
SNOWBEAT FESTIVAL 2026,"February 28,  2026","Wittenburg, Germany",2026-02-28,2026-02-28
ELEVATE FESTIVAL 2026,"February 25- March 1, 2026","Graz, Austria",2026-02-25,2026-03-01
WINTERWONDERGRASS COLORADO 2026,"February 27- March 1, 2026","Steamboat Springs, CO",2026-02-27,2026-03-01
ENVISION FESTIVAL 2026,"February 23- March 2, 2026","Uvita, Costa Rica",2026-02-23,2026-03-02
DON’T LET DADDY KNOW AMSTERDAM 2026,"March 7,  2026","Amsterdam, Netherlands",2026-03-07,2026-03-07
ISLE OF LIGHT 2026,"March 7,  2026","Santo Domingo Este, Dominican Republic",2026-03-07,2026-03-07
BAZIQUE FESTIVAL 2026,"March 6- 8, 2026","Riviersonderend, South Africa",2026-03-06,2026-03-08
NEW COLOSSUS FESTIVAL 2026,"March 3- 8, 2026","New York City, NY",2026-03-03,2026-03-08
CRUISE TO THE EDGE 2026,"March 4- 9, 2026","Miami &amp; Puerto Plata, DR",2026-03-04,2026-03-09
PORT FAIRY FOLK FESTIVAL 2026,"March 6- 9, 2026","Port Fairy, Australia",2026-03-06,2026-03-09
WOMADELAIDE 2026,"March 6- 9, 2026","Adelaide, Australia",2026-03-06,2026-03-09
COUNTRY 2 COUNTRY (C2C) 2026,"March 13- 15, 2026","London, UK",2026-03-13,2026-03-15
COUNTRY 2 COUNTRY (C2C) BELFAST 2026,"March 13- 15, 2026","Belfast, UK",2026-03-13,2026-03-15
COUNTRY 2 COUNTRY (C2C) GLASGOW 2026,"March 13- 15, 2026","London, UK",2026-03-13,2026-03-15
GROUNDUP MUSIC FESTIVAL 2026,"March 13- 15, 2026","Miami Beach, FL",2026-03-13,2026-03-15
LOLLAPALOOZA ARGENTINA 2026,"March 13- 15, 2026","Buenos Aires, Argentina",2026-03-13,2026-03-15
REGGAE RISE UP FLORIDA 2026,"March 12- 15, 2026","St. Petersburg, FL",2026-03-12,2026-03-15
SOUTH BY SOUTHWEST (SXSW) 2026,"March 10- 15, 2026","Austin, TX",2026-03-10,2026-03-15
SOUTHPORT WEEKENDER FESTIVAL 2026,"March 13- 15, 2026","Bognor Regis, UK",2026-03-13,2026-03-15
TRIBAL GATHERING 2026,"February 27- March 16, 2026","Playa Chiquita, Panama",2026-02-27,2026-03-16
CAYAMO 2026,"March 13- 20, 2026","Miami &amp; St. Johns, Antigua",2026-03-13,2026-03-20
OUTLAWS AND LEGENDS 2026,"March 20- 21, 2026","Abilene, TX",2026-03-20,2026-03-21
SNOWBOXX 2026,"March 14- 21, 2026","Avoriaz, France",2026-03-14,2026-03-21
CMC ROCKS QLD 2026,"March 20- 22, 2026","Willowbank, Australia",2026-03-20,2026-03-22
OKEECHOBEE MUSIC FESTIVAL 2026,"March 19- 22, 2026","Okeechobee, FL",2026-03-19,2026-03-22
SHAPES FESTIVAL LEYSIN 2026,"March 15- 22, 2026","Leysin, Switzerland",2026-03-15,2026-03-22
SUWANNEE SPRING REUNION 2026,"March 19- 22, 2026","Live Oak, FL",2026-03-19,2026-03-22
OUTLAW COUNTRY CRUISE 2026,"March 20- 25, 2026","Miami &amp; Nassau, Bahamas",2026-03-20,2026-03-25
BEYOND WONDERLAND 2026,"March 27- 28, 2026","San Bernardino, CA",2026-03-27,2026-03-28
TOMORROWLAND WINTER 2026,"March 21- 28, 2026","Alpe d'Huez, France",2026-03-21,2026-03-28
WILD WEST BREWFEST KATY 2026,"March 26- 28, 2026","Houston, TX",2026-03-26,2026-03-28
BIG EARS 2026,"March 26- 29, 2026","Knoxville, TN",2026-03-26,2026-03-29
TREEFORT MUSIC FESTIVAL 2026,"March 25- 29, 2026","Boise, ID",2026-03-25,2026-03-29
ULTRA MUSIC FESTIVAL MIAMI 2026,"March 27- 29, 2026","Miami, FL",2026-03-27,2026-03-29
CHILIFEST 2026,"April 3- 4, 2026","Snook, TX",2026-04-03,2026-04-04
NORTH PARK FESTIVAL OF BEERS 2026,"April 4,  2026","San Diego, CA",2026-04-04,2026-04-04
BAJA BEER FESTIVAL 2026,"April 5,  2026","Tucson, AZ",2026-04-05,2026-04-05
BYRON BAY BLUESFEST 2026,"April 2- 5, 2026","Byron Bay, Australia",2026-04-02,2026-04-05
DGTL FESTIVAL AMSTERDAM 2026,"April 3- 5, 2026","Amsterdam, Netherlands",2026-04-03,2026-04-05
EQUATION FESTIVAL 2026,"April 3- 5, 2026","Hoa Binh, Vietnam",2026-04-03,2026-04-05
INFERNO METAL FESTIVAL 2026,"April 2- 5, 2026","Oslo, Norway",2026-04-02,2026-04-05
PAASPOP 2026,"April 3- 5, 2026","Schijndel, Netherlands",2026-04-03,2026-04-05
TALLINN MUSIC WEEK 2026,"April 3- 6, 2026","Tallinn, Estonia",2026-04-03,2026-04-06
LITTLE STEVEN’S UNDERGROUND GARAGE CRUISE 2026,"April 3- 7, 2026","Miami &amp; Nassau, Bahamas",2026-04-03,2026-04-07
SNOWBOMBING 2026,"April 11,  2026","Mayrhofen, Austria",2026-04-11,2026-04-11
ZERMATT UNPLUGGED 2026,"April 7- 11, 2026","Zermatt, Switzerland",2026-04-07,2026-04-11
COUNTRY THUNDER ARIZONA 2026,"April 9- 12, 2026","Florence, AZ",2026-04-09,2026-04-12
DALLAS REGGAE FESTIVAL 2026,"April 11- 12, 2026","Dallas, TX",2026-04-11,2026-04-12
DURANGO BLUEGRASS MELTDOWN 2026,"April 10- 12, 2026","Durango, CO",2026-04-10,2026-04-12
REWIRE FESTIVAL 2026,"April 9- 12, 2026","The Hague, Netherlands",2026-04-09,2026-04-12
TAMPA BAY BLUES FESTIVAL 2026,"April 10- 12, 2026","St. Petersburg, FL",2026-04-10,2026-04-12
VIVA LAS VEGAS ROCKABILLY WEEKEND 2026,"April 9- 12, 2026","Las Vegas, NV",2026-04-09,2026-04-12
MONSTERS OF ROCK CRUISE 2026,"April 12- 17, 2026","Great Stirrup Cay, The Bahamas",2026-04-12,2026-04-17
ELECTRIC MOUNTAIN FESTIVAL 2026,"April 13- 18, 2026","Sölden, Austria",2026-04-13,2026-04-18
MOTEL MOZAIQUE 2026,"April 16- 18, 2026","Rotterdam, The Netherlands",2026-04-16,2026-04-18
BLUEBIRD MUSIC FESTIVAL 2026,"April 18- 19, 2026","Boulder, CO",2026-04-18,2026-04-19
C/O POP FESTIVAL 2026,"April 15- 19, 2026","Cologne, Germany",2026-04-15,2026-04-19
COACHELLA MUSIC FESTIVAL 2026,"April 10- 19, 2026","Indio, CA",2026-04-10,2026-04-19
FRENCH QUARTER FEST 2026,"April 16- 19, 2026","New Orleans, LA",2026-04-16,2026-04-19
OLD SETTLER’S MUSIC FESTIVAL 2026,"April 17- 19, 2026","Dale, TX",2026-04-17,2026-04-19
REGGAE RISE UP ARIZONA 2026,"April 17- 19, 2026","Phoenix, AZ",2026-04-17,2026-04-19
ROADBURN FESTIVAL 2026,"April 17- 19, 2026","Tilburg, Netherlands",2026-04-17,2026-04-19
TERMINAL V FESTIVAL 2026,"April 18- 19, 2026","Edinburgh, Scotland",2026-04-18,2026-04-19
SUMMER OF ’99 CRUISE 2026,"April 17- 21, 2026","Miami &amp; Nassau, Bahamas",2026-04-17,2026-04-21
BAJAWONDERGRASS 2026,"April 23- 25, 2026","El Sargento, Baja California Sur",2026-04-23,2026-04-25
BRICK LANE JAZZ FESTIVAL 2026,"April 24- 26, 2026","London, UK",2026-04-24,2026-04-26
MERLEFEST 2026,"April 23- 26, 2026","Wilkesboro, NC",2026-04-23,2026-04-26
SEABREEZE JAZZ FESTIVAL 2026,"April 22- 26, 2026","Panama City Beach, FL",2026-04-22,2026-04-26
STAGECOACH COUNTRY MUSIC FESTIVAL 2026,"April 24- 26, 2026","Indio, CA",2026-04-24,2026-04-26
MAYDAY FESTIVAL DORTMUND 2026,"April 30,  2026","Dortmund, Germany",2026-04-30,2026-04-30
CALGARY INTERNATIONAL BEERFEST 2026,"May 1- 2, 2026","Calgary, AB",2026-05-01,2026-05-02
AFRIKABURN 2026,"April 27- May 3, 2026","Bloemfontein, South Africa",2026-04-27,2026-05-03
BEACHLIFE FESTIVAL 2026,"May 1- 3, 2026","Redondo Beach, CA",2026-05-01,2026-05-03
KEY WEST SONGWRITERS FESTIVAL 2026,"April 29- May 3, 2026","Key West, FL",2026-04-29,2026-05-03
LAND BEYOND FESTIVAL 2026,"May 1- 3, 2026","Brighton, UK",2026-05-01,2026-05-03
LIVERPOOL SOUND CITY 2026,"May 2- 3, 2026","Liverpool, UK",2026-05-02,2026-05-03
NEW ORLEANS JAZZ FESTIVAL 2026,"April 23- May 3, 2026","New Orleans, LA",2026-04-23,2026-05-03
PAVILION FESTIVAL 2026,"May 2- 3, 2026","Ayr, UK",2026-05-02,2026-05-03
RIVERBEAT FEST 2026,"May 1- 3, 2026","Memphis, TN",2026-05-01,2026-05-03
TEDDY ROCKS 2026,"May 1- 3, 2026","Blandford, UK",2026-05-01,2026-05-03
FOCUS WALES 2026,"May 7- 9, 2026","Wrexham, Wales",2026-05-07,2026-05-09
VIVA EL GONZO 2026,"May 7- 9, 2026","San José del Cabo, BCS, Mexico",2026-05-07,2026-05-09
AUSTIN PSYCH FEST 2026,"May 8- 10, 2026","Austin, TX",2026-05-08,2026-05-10
RONG OPEN AIR MALTA 2026,"May 7- 10, 2026","Attard, Malta",2026-05-07,2026-05-10
WELCOME TO ROCKVILLE 2026,"May 7- 10, 2026","Daytona Beach, FL",2026-05-07,2026-05-10
SMOKESLAM FESTIVAL 2026,"May 14- 16, 2026","Memphis, TN",2026-05-14,2026-05-16
THE GREAT ESCAPE FESTIVAL 2026,"May 13- 16, 2026","Brighton, UK",2026-05-13,2026-05-16
AWAKENINGS UPCLOSE 2026,"May 16- 17, 2026","Spaarnwoude, Netherlands",2026-05-16,2026-05-17
DESERTFEST LONDON 2026,"May 15- 17, 2026","London, UK",2026-05-15,2026-05-17
EDC LAS VEGAS 2026,"May 15- 17, 2026","Las Vegas, NV",2026-05-15,2026-05-17
JOSHUA TREE FESTIVAL SPRING 2026,"May 14- 17, 2026","Joshua Tree, CA",2026-05-14,2026-05-17
KILBY BLOCK PARTY 2026,"May 15- 17, 2026","Salt Lake City, UT",2026-05-15,2026-05-17
SONIC TEMPLE FESTIVAL 2026,"May 14- 17, 2026","Columbus, OH",2026-05-14,2026-05-17
SUNNY SIDE FESTIVAL 2026,"May 15- 17, 2026","Attard, Malta",2026-05-15,2026-05-17
THE GOLDEN ROAD GATHERING 2026,"May 15- 17, 2026","Placerville, CA",2026-05-15,2026-05-17
TICO TIME BLUEGRASS FESTIVAL 2026,"May 15- 17, 2026","Aztec, NM",2026-05-15,2026-05-17
A STONE’S THROW FESTIVAL 2026,"May 23,  2026","North Shields, UK",2026-05-23,2026-05-23
FIELD DAY FESTIVAL 2026,"May 23,  2026","London, UK",2026-05-23,2026-05-23
7TH SUNDAY FESTIVAL 2026,"May 24,  2026","Erp, Netherlands",2026-05-24,2026-05-24
BOTTLEROCK NAPA VALLEY 2026,"May 22- 24, 2026","Napa, CA",2026-05-22,2026-05-24
CALIFORNIA ROOTS 2026,"May 22- 24, 2026","Monterey, CA",2026-05-22,2026-05-24
CERCLE FESTIVAL 2026,"May 22- 24, 2026","Paris, France",2026-05-22,2026-05-24
CROSS THE TRACKS 2026,"May 24,  2026","London, UK",2026-05-24,2026-05-24
DELFEST 2026,"May 21- 24, 2026","Cumberland, MD",2026-05-21,2026-05-24
DOT TO DOT UK 2026,"May 23- 24, 2026","Bristol/Nottingham, UK",2026-05-23,2026-05-24
EXTREMA OUTDOOR BELGIUM 2026,"May 22- 24, 2026","Houthalen-Helchteren, Belgium",2026-05-22,2026-05-24
IN IT TOGETHER FESTIVAL 2026,"May 22- 24, 2026","Port Talbot, Wales",2026-05-22,2026-05-24
LIGHTNING IN A BOTTLE 2026,"May 20- 24, 2026","Bakersfield, CA",2026-05-20,2026-05-24
MARVELLOUS ISLAND FESTIVAL 2026,"May 23- 24, 2026","Paris, France",2026-05-23,2026-05-24
MARYLAND DEATHFEST 2026,"May 21- 24, 2026","Baltimore, MD",2026-05-21,2026-05-24
PAPILLONS DE NUIT 2026,"May 22- 24, 2026","Saint-Laurent-de-Cuves, France",2026-05-22,2026-05-24
PATRIOTIC FESTIVAL 2026,"May 22- 24, 2026","Norfolk, VA",2026-05-22,2026-05-24
ROOSTER WALK 2026,"May 21- 24, 2026","Axton, VA",2026-05-21,2026-05-24
SHINDIG FESTIVAL 2026,"May 21- 24, 2026","Malmesbury, UK",2026-05-21,2026-05-24
SUEÑOS FESTIVAL 2026,"May 23- 24, 2026","Chicago, IL",2026-05-23,2026-05-24
SUMMER CAMP MUSIC FESTIVAL 2026,"May 22- 24, 2026","Chillicothe, IL",2026-05-22,2026-05-24
CITY SPLASH 2026,"May 25,  2026","London, UK",2026-05-25,2026-05-25
IKARUS FESTIVAL 2026,"May 22- 25, 2026","Memmingerberg, Germany",2026-05-22,2026-05-25
MOVEMENT DETROIT 2026,"May 23- 25, 2026","Detroit, MI",2026-05-23,2026-05-25
RED ROOSTER 2026,"May 28- 30, 2026","Suffolk, UK",2026-05-28,2026-05-30
CALL OF THE WILD 2026,"May 28- 31, 2026","Lincoln, UK",2026-05-28,2026-05-31
GULF COAST JAM 2026,"May 28- 31, 2026","Panama City Beach, FL",2026-05-28,2026-05-31
MICHAEL ARNONE’S CRAWFISH FEST 2026,"May 29- 31, 2026","Augusta, NJ",2026-05-29,2026-05-31
MIGHTY HOOPLA 2026,"May 30- 31, 2026","London, UK",2026-05-30,2026-05-31
NAMELESS FESTIVAL 2026,"May 30- 31, 2026","Lake Como, Italy",2026-05-30,2026-05-31
PROJECT GLOW 2026,"May 30- 31, 2026","Washington, DC",2026-05-30,2026-05-31
RISE AND VIBES MUSIC FESTIVAL 2026,"May 29- 31, 2026","Aztec, New Mexico",2026-05-29,2026-05-31
THE GREAT ESTATE FESTIVAL 2026,"May 29- 31, 2026","Redruth, UK",2026-05-29,2026-05-31
TRIIP FESTIVAL 2026,"May 29- 31, 2026","Bugibba, Malta",2026-05-29,2026-05-31
VESTROCK 2026,"May 29- 31, 2026","Hulst, Netherlands",2026-05-29,2026-05-31
WYCHWOOD FESTIVAL 2026,"May 29- 31, 2026","Cheltenham, UK",2026-05-29,2026-05-31
DOCKLANDS FESTIVAL 2026,"June 6,  2026","Munster, Germany",2026-06-06,2026-06-06
ELBJAZZ 2026,"June 5- 6, 2026","Hamburg, Germany",2026-06-05,2026-06-06
FORCE FIELDS 2026,"June 5- 6, 2026","Cadott, WI",2026-06-05,2026-06-06
MOUNTAIN MUSIC FESTIVAL 2026,"June 5- 6, 2026","New River Gorge, WV",2026-06-05,2026-06-06
MYSTIC FESTIVAL 2026,"June 3- 6, 2026","Gdańsk, Poland",2026-06-03,2026-06-06
NORTHSIDE FESTIVAL DENMARK 2026,"June 12- 6, 2026","Aarhus, Denmark",2026-06-12,2026-06-06
PRIMAVERA SOUND BARCELONA 2026,"June 4- 6, 2026","Barcelona, Spain",2026-06-04,2026-06-06
SBÄM FEST 2026,"June 5- 6, 2026","Wels, Austria",2026-06-05,2026-06-06
SWEDEN ROCK FESTIVAL 2026,"June 3- 6, 2026","Solvesborg, Sweden",2026-06-03,2026-06-06
TEXAS MUSIC REVOLUTION 2026,"June 5- 6, 2026","McKinney, TX",2026-06-05,2026-06-06
AMSTERDAM OPEN AIR 2026,"June 6- 7, 2026","Amsterdam, Netherlands",2026-06-06,2026-06-07
CAPITAL JAZZ FESTIVAL 2026,"June 5- 7, 2026","Columbia, MD",2026-06-05,2026-06-07
CAROLINA COUNTRY MUSIC FESTIVAL 2026,"June 4- 7, 2026","Myrtle Beach, SC",2026-06-04,2026-06-07
CMA MUSIC FESTIVAL 2026,"June 4- 7, 2026","Nashville, TN",2026-06-04,2026-06-07
COPENHAGEN DISTORTION FESTIVAL 2026,"June 3- 7, 2026","Copenhagen, Denmark",2026-06-03,2026-06-07
DLT MALTA 2026,"June 4- 7, 2026","St Paul's Bay, Malta",2026-06-04,2026-06-07
FORBIDDEN FOREST 2026,"June 4- 7, 2026","Grantham, UK",2026-06-04,2026-06-07
INTENTS FESTIVAL 2026,"June 5- 7, 2026","Oisterwijk, Netherlands",2026-06-05,2026-06-07
ROCK AM RING 2026,"June 5- 7, 2026","Nürburg, Germany",2026-06-05,2026-06-07
ROCK IM PARK 2026,"June 5- 7, 2026","Nuremberg, Germany",2026-06-05,2026-06-07
TAURON NOWA MUZYKA 2026,"June 4- 7, 2026","Katowice, Poland",2026-06-04,2026-06-07
TUNES IN THE DUNES 2026,"June 5- 7, 2026","Perranporth, UK",2026-06-05,2026-06-07
WORLD CLUB DOME 2026,"June 5- 7, 2026","Frankfurt, Germany",2026-06-05,2026-06-07
SPRING BREAK ISLAND 2026,"June 4- 8, 2026","Pag Island, Croatia",2026-06-04,2026-06-08
SUPA DUPA FLY SANTORINI 2026,"June 5- 9, 2026","Santorini, Greece",2026-06-05,2026-06-09
KALA FESTIVAL 2026,"June 3- 10, 2026","Dhërmi, Albania",2026-06-03,2026-06-10
BERGENFEST 2026,"June 10- 13, 2026","Bergen, Norway",2026-06-10,2026-06-13
GREENFIELD FESTIVAL 2026,"June 11- 13, 2026","Interlaken, Switzerland",2026-06-11,2026-06-13
KICKN’ UP KOUNTRY 2026,"June 10- 13, 2026","Karlstad, MN",2026-06-10,2026-06-13
PIKNIK I PARKEN (PIP) 2026,"June 11- 13, 2026","Oslo, Norway",2026-06-11,2026-06-13
PRIMAVERA SOUND PORTO 2026,"June 11- 13, 2026","Porto, Portugal",2026-06-11,2026-06-13
ROCK FOR PEOPLE 2026,"June 11- 13, 2026","Hradec Kralove, Czech",2026-06-11,2026-06-13
ADRIATIC SOUND FESTIVAL 2026,"June 12- 14, 2026","Fano, Italy",2026-06-12,2026-06-14
BEST KEPT SECRET FESTIVAL 2026,"June 12- 14, 2026","Hilvarenbeek, Netherlands",2026-06-12,2026-06-14
BEYOND THE PALE FESTIVAL 2026,"June 12- 14, 2026","Glendalough Estate, Ireland",2026-06-12,2026-06-14
DOWNLOAD FESTIVAL 2026,"June 10- 14, 2026","Donington Park, UK",2026-06-10,2026-06-14
INTO THE GRAVE 2026,"June 12- 14, 2026","Leeuwarden, Netherlands",2026-06-12,2026-06-14
KESARAUHA FESTIVAL 2026,"June 12- 14, 2026","Turku, Finland",2026-06-12,2026-06-14
MALLORCA LIVE FESTIVAL 2026,"June 11- 14, 2026","Calvià, Spain",2026-06-11,2026-06-14
NOVA ROCK 2026,"June 11- 14, 2026","Nickelsdorf, Austria",2026-06-11,2026-06-14
ROSENDAL GARDEN PARTY 2026,"June 12- 14, 2026","Stockholm, Sweden",2026-06-12,2026-06-14
SUNDOWN ALASKA 2026,"June 12- 14, 2026","Anchorage, AK",2026-06-12,2026-06-14
THE EDEN FESTIVAL 2026,"June 11- 14, 2026","Moffat, Scotland",2026-06-11,2026-06-14
WARPED TOUR D.C. 2026,"June 13- 14, 2026","Washington, DC",2026-06-13,2026-06-14
ANJUNADEEP EXPLORATIONS 2026,"June 11- 16, 2026","Dhermi, Albania",2026-06-11,2026-06-16
HEARTLAND FESTIVAL 2026,"June 18- 20, 2026","Kværndrup, Denmark",2026-06-18,2026-06-20
HOLLAND BLUES FESTIVAL 2026,"June 19- 20, 2026","Grolloo, Netherlands",2026-06-19,2026-06-20
JULIANAPOP 2026,"June 20,  2026","Julianadorp, Netherlands",2026-06-20,2026-06-20
OVEROSLO 2026,"June 17- 20, 2026","Oslo, Norway",2026-06-17,2026-06-20
PLAYTHINK FESTIVAL 2026,"June 17- 20, 2026","Edmonton, KY",2026-06-17,2026-06-20
SONAR BARCELONA 2026,"June 19- 20, 2026","Barcelona, Spain",2026-06-19,2026-06-20
THE COUNTRY FEST 2026,"June 17- 20, 2026","North Lawrence, OH",2026-06-17,2026-06-20
TWIN CITIES JAZZ FESTIVAL 2026,"June 19- 20, 2026","Saint Paul, MN",2026-06-19,2026-06-20
AFRICA OYÉ 2026,"June 20- 21, 2026","Liverpool, England",2026-06-20,2026-06-21
BAREFOOT COUNTRY 2026,"June 18- 21, 2026","Wildwood, NJ",2026-06-18,2026-06-21
BOONERANG 2026,"June 18- 21, 2026","Boone, NC",2026-06-18,2026-06-21
COPENHELL 2026,"June 18- 21, 2026","Copenhagen, Denmark",2026-06-18,2026-06-21
GRASPOP METAL MEETING 2026,"June 18- 21, 2026","Dessel, Belgium",2026-06-18,2026-06-21
GREEN RIVER MUSIC FESTIVAL 2026,"June 19- 21, 2026","Greenfield, MA",2026-06-19,2026-06-21
HELLFEST 2026,"June 18- 21, 2026","Clisson, France",2026-06-18,2026-06-21
HIVE FESTIVAL 2026,"June 19- 21, 2026","Ferropolis, Germany",2026-06-19,2026-06-21
HURRICANE FESTIVAL 2026,"June 19- 21, 2026","Scheessel, Germany",2026-06-19,2026-06-21
ISLE OF WIGHT FESTIVAL 2026,"June 18- 21, 2026","Isle of Wight, UK",2026-06-18,2026-06-21
METRONOME FESTIVAL 2026,"June 19- 21, 2026","Prague, Czech",2026-06-19,2026-06-21
PARKLIFE FESTIVAL 2026,"June 20- 21, 2026","Manchester, UK",2026-06-20,2026-06-21
PINKPOP 2026,"June 19- 21, 2026","Landgraaf, Netherlands",2026-06-19,2026-06-21
SOUTHSIDE FESTIVAL 2026,"June 19- 21, 2026","Neuhausen Ob Eck, Germany",2026-06-19,2026-06-21
TELLURIDE BLUEGRASS FESTIVAL 2026,"June 18- 21, 2026","Telluride, CO",2026-06-18,2026-06-21
WAKING LIFE FESTIVAL 2026,"June 16- 23, 2026","Crato, Portugal",2026-06-16,2026-06-23
INMUSIC FESTIVAL 2026,"June 22- 24, 2026","Zagreb, Croatia",2026-06-22,2026-06-24
BIG SOUND FESTIVAL 2026,"June 26- 27, 2026","Valencia, Spain",2026-06-26,2026-06-27
HOOFBEAT COUNTRY FEST 2026,"June 25- 27, 2026","Cadott, WI",2026-06-25,2026-06-27
PROVINSSI 2026,"June 25- 27, 2026","Seinajoki, Finland",2026-06-25,2026-06-27
ROCHESTER JAZZ FESTIVAL 2026,"June 19- 27, 2026","Rochester, NY",2026-06-19,2026-06-27
SUMMERSIDE FESTIVAL 2026,"June 25- 27, 2026","Grenchen, Swizterland",2026-06-25,2026-06-27
TINDERBOX 2026,"June 25- 27, 2026","Odense, Denmark",2026-06-25,2026-06-27
TONS OF ROCK 2026,"June 24- 27, 2026","Oslo, Norway",2026-06-24,2026-06-27
VAINSTREAM FESTIVAL 2026,"June 26- 27, 2026","Munster, Germany",2026-06-26,2026-06-27
BEYOND WONDERLAND AT THE GORGE 2026,"June 27- 28, 2026","George, WA",2026-06-27,2026-06-28
JERA ON AIR 2026,"June 26- 28, 2026","Ysselsteyn, Netherlands",2026-06-26,2026-06-28
ROCK IN RIO LISBON 2026,"June 20- 28, 2026","Lisbon, Portugal",2026-06-20,2026-06-28
SUNRISE FESTIVAL 2026,"June 26- 28, 2026","Lille, Belgium",2026-06-26,2026-06-28
THE CAPITOL GROOVE 2026,"June 27- 28, 2026","Hartford, CT",2026-06-27,2026-06-28
PLAYTIME FESTIVAL 2026,"July 2- 4, 2026","Ulaanbaatar, Mongolia",2026-07-02,2026-07-04
RESURRECTION FEST 2026,"July 1- 4, 2026","Vivero, Spain",2026-07-01,2026-07-04
DANUBE ISLAND FESTIVAL 2026,"July 3- 5, 2026","Vienna, Austria",2026-07-03,2026-07-05
ROCK FEST BARCELONA 2026,"July 3- 5, 2026","Barcelona, Spain",2026-07-03,2026-07-05
WESTIVAL 2026,"July 2- 5, 2026","Tenby, Wales",2026-07-02,2026-07-05
HOSPITALITY ON THE BEACH 2026,"July 1- 6, 2026","Tisno, Croatia",2026-07-01,2026-07-06
AIRBEAT ONE 2026,"July 9- 12, 2026","Neustadt-Glewe, Germany",2026-07-09,2026-07-12
CACTUS FESTIVAL 2026,"July 10- 12, 2026","Brugge, Belgium",2026-07-10,2026-07-12
LOLLAPALOOZA BERLIN 2026,"July 18- 19, 2026","Berlin, Germany",2026-07-18,2026-07-19
SHAMBHALA MUSIC FESTIVAL 2026,"July 24- 27, 2026","Salmo, BC",2026-07-24,2026-07-27
WORLD PRIDE MUSIC FESTIVAL AMSTERDAM 2026,"July 31- August 1, 2026","Amsterdam, Netherlands",2026-07-31,2026-08-01
JUST SO FESTIVAL 2026,"August 21- 23, 2026","Cheshire, UK",2026-08-21,2026-08-23
MYSTIC GARDEN FESTIVAL 2026,"August 21- 23, 2026","Amsterdam, Netherlands",2026-08-21,2026-08-23
